gene_symbol	ensembl_id	DBD_family	family_size	DBD_family_fine	family_size_fine	has_KRAB	has_SCAN	has_BTB
TFAP2A	ENSG00000137203	AP-2	5	AP-2	5			
TFAP2B	ENSG00000008196	AP-2	5	AP-2	5			
TFAP2C	ENSG00000087510	AP-2	5	AP-2	5			
TFAP2D	ENSG00000008197	AP-2	5	AP-2	5			
TFAP2E	ENSG00000116819	AP-2	5	AP-2	5			
ARID3A	ENSG00000116017	ARID/BRIGHT	6	ARID/BRIGHT	6			
ARID3B	ENSG00000179361	ARID/BRIGHT	6	ARID/BRIGHT	6			
ARID3C	ENSG00000205143	ARID/BRIGHT	6	ARID/BRIGHT	6			
ARID5A	ENSG00000196843	ARID/BRIGHT	6	ARID/BRIGHT	6			
ARID5B	ENSG00000150347	ARID/BRIGHT	6	ARID/BRIGHT	6			
KDM5B	ENSG00000117139	ARID/BRIGHT	6	ARID/BRIGHT	6			
AHCTF1	ENSG00000153207	AT hook	16	AT hook	16			
AHDC1	ENSG00000126705	AT hook	16	AT hook	16			
AKNA	ENSG00000106948	AT hook	16	AT hook	16			
ASH1L	ENSG00000116539	AT hook	16	AT hook	16			
CBX2	ENSG00000173894	AT hook	16	AT hook	16			
DNTTIP1	ENSG00000101457	AT hook	16	AT hook	16			
DOT1L	ENSG00000104885	AT hook	16	AT hook	16			
GLYR1	ENSG00000140632	AT hook	16	AT hook	16			
HMGA1	ENSG00000137309	AT hook	16	AT hook	16			
HMGA2	ENSG00000149948	AT hook	16	AT hook	16			
PHF20	ENSG00000025293	AT hook	16	AT hook	16			
PHF21A	ENSG00000135365	AT hook	16	AT hook	16			
PRR12	ENSG00000126464	AT hook	16	AT hook	16			
SCML4	ENSG00000146285	AT hook	16	AT hook	16			
SETBP1	ENSG00000152217	AT hook	16	AT hook	16			
SRCAP	ENSG00000080603	AT hook	16	AT hook	16			
C11orf95	ENSG00000188070	BED ZF	10	BED ZF	10			
FAM200B	ENSG00000237765	BED ZF	10	BED ZF	10			
SGSM2	ENSG00000141258	BED ZF	10	BED ZF	10			
ZBED1	ENSG00000214717	BED ZF	10	BED ZF	10			
ZBED2	ENSG00000177494	BED ZF	10	BED ZF	10			
ZBED3	ENSG00000132846	BED ZF	10	BED ZF	10			
ZBED4	ENSG00000100426	BED ZF	10	BED ZF	10			
ZBED5	ENSG00000236287	BED ZF	10	BED ZF	10			
ZBED6	ENSG00000257315	BED ZF	10	BED ZF	10			
ZBED9	ENSG00000232040	BED ZF	10	BED ZF	10			
AC008770.3	ENSG00000267179	C2H2 ZF	747	C2H2 ZF (other)	316	False	False	False
AC092835.1	ENSG00000233757	C2H2 ZF	747	KRAB-ZNF	354	True	False	False
AC138696.1	ENSG00000264668	C2H2 ZF	747	C2H2 ZF (other)	316	False	False	False
AEBP2	ENSG00000139154	C2H2 ZF	747	C2H2 ZF (other)	316	False	False	False
AKAP8	ENSG00000105127	C2H2 ZF	747	C2H2 ZF (other)	316	False	False	False
AKAP8L	ENSG00000011243	C2H2 ZF	747	C2H2 ZF (other)	316	False	False	False
ANKZF1	ENSG00000163516	C2H2 ZF	747	C2H2 ZF (other)	316	False	False	False
ATMIN	ENSG00000166454	C2H2 ZF	747	C2H2 ZF (other)	316	False	False	False
BCL11A	ENSG00000119866	C2H2 ZF	747	C2H2 ZF (other)	316	False	False	False
BCL11B	ENSG00000127152	C2H2 ZF	747	C2H2 ZF (other)	316	False	False	False
BCL6	ENSG00000113916	C2H2 ZF	747	BTB-ZNF	47	False	False	True
BCL6B	ENSG00000161940	C2H2 ZF	747	BTB-ZNF	47	False	False	True
BNC1	ENSG00000169594	C2H2 ZF	747	C2H2 ZF (other)	316	False	False	False
BNC2	ENSG00000173068	C2H2 ZF	747	C2H2 ZF (other)	316	False	False	False
CASZ1	ENSG00000130940	C2H2 ZF	747	C2H2 ZF (other)	316	False	False	False
CCDC17	ENSG00000159588	C2H2 ZF	747	C2H2 ZF (other)	316	False	False	False
CHAMP1	ENSG00000198824	C2H2 ZF	747	C2H2 ZF (other)	316	False	False	False
CPXCR1	ENSG00000147183	C2H2 ZF	747	C2H2 ZF (other)	316	False	False	False
CTCF	ENSG00000102974	C2H2 ZF	747	C2H2 ZF (other)	316	False	False	False
CTCFL	ENSG00000124092	C2H2 ZF	747	C2H2 ZF (other)	316	False	False	False
DPF1	ENSG00000011332	C2H2 ZF	747	C2H2 ZF (other)	316	False	False	False
DPF3	ENSG00000205683	C2H2 ZF	747	C2H2 ZF (other)	316	False	False	False
DZIP1	ENSG00000134874	C2H2 ZF	747	C2H2 ZF (other)	316	False	False	False
E4F1	ENSG00000167967	C2H2 ZF	747	C2H2 ZF (other)	316	False	False	False
EEA1	ENSG00000102189	C2H2 ZF	747	C2H2 ZF (other)	316	False	False	False
EGR1	ENSG00000120738	C2H2 ZF	747	C2H2 ZF (other)	316	False	False	False
EGR2	ENSG00000122877	C2H2 ZF	747	C2H2 ZF (other)	316	False	False	False
EGR3	ENSG00000179388	C2H2 ZF	747	C2H2 ZF (other)	316	False	False	False
EGR4	ENSG00000135625	C2H2 ZF	747	C2H2 ZF (other)	316	False	False	False
FAM170A	ENSG00000164334	C2H2 ZF	747	C2H2 ZF (other)	316	False	False	False
FEZF1	ENSG00000128610	C2H2 ZF	747	C2H2 ZF (other)	316	False	False	False
FEZF2	ENSG00000153266	C2H2 ZF	747	C2H2 ZF (other)	316	False	False	False
FIZ1	ENSG00000179943	C2H2 ZF	747	C2H2 ZF (other)	316	False	False	False
GFI1	ENSG00000162676	C2H2 ZF	747	C2H2 ZF (other)	316	False	False	False
GFI1B	ENSG00000165702	C2H2 ZF	747	C2H2 ZF (other)	316	False	False	False
GLI1	ENSG00000111087	C2H2 ZF	747	C2H2 ZF (other)	316	False	False	False
GLI2	ENSG00000074047	C2H2 ZF	747	C2H2 ZF (other)	316	False	False	False
GLI3	ENSG00000106571	C2H2 ZF	747	C2H2 ZF (other)	316	False	False	False
GLI4	ENSG00000250571	C2H2 ZF	747	C2H2 ZF (other)	316	False	False	False
GLIS1	ENSG00000174332	C2H2 ZF	747	C2H2 ZF (other)	316	False	False	False
GLIS2	ENSG00000126603	C2H2 ZF	747	C2H2 ZF (other)	316	False	False	False
GLIS3	ENSG00000107249	C2H2 ZF	747	C2H2 ZF (other)	316	False	False	False
GTF3A	ENSG00000122034	C2H2 ZF	747	C2H2 ZF (other)	316	False	False	False
GZF1	ENSG00000125812	C2H2 ZF	747	BTB-ZNF	47	False	False	True
HIC1	ENSG00000177374	C2H2 ZF	747	BTB-ZNF	47	False	False	True
HIC2	ENSG00000169635	C2H2 ZF	747	BTB-ZNF	47	False	False	True
HINFP	ENSG00000172273	C2H2 ZF	747	C2H2 ZF (other)	316	False	False	False
HIVEP1	ENSG00000095951	C2H2 ZF	747	C2H2 ZF (other)	316	False	False	False
HIVEP2	ENSG00000010818	C2H2 ZF	747	C2H2 ZF (other)	316	False	False	False
HIVEP3	ENSG00000127124	C2H2 ZF	747	C2H2 ZF (other)	316	False	False	False
HKR1	ENSG00000181666	C2H2 ZF	747	KRAB-ZNF	354	True	False	False
IKZF1	ENSG00000185811	C2H2 ZF	747	C2H2 ZF (other)	316	False	False	False
IKZF2	ENSG00000030419	C2H2 ZF	747	C2H2 ZF (other)	316	False	False	False
IKZF3	ENSG00000161405	C2H2 ZF	747	C2H2 ZF (other)	316	False	False	False
IKZF4	ENSG00000123411	C2H2 ZF	747	C2H2 ZF (other)	316	False	False	False
IKZF5	ENSG00000095574	C2H2 ZF	747	C2H2 ZF (other)	316	False	False	False
INSM1	ENSG00000173404	C2H2 ZF	747	C2H2 ZF (other)	316	False	False	False
INSM2	ENSG00000168348	C2H2 ZF	747	C2H2 ZF (other)	316	False	False	False
JAZF1	ENSG00000153814	C2H2 ZF	747	C2H2 ZF (other)	316	False	False	False
KAT7	ENSG00000136504	C2H2 ZF	747	C2H2 ZF (other)	316	False	False	False
KCMF1	ENSG00000176407	C2H2 ZF	747	C2H2 ZF (other)	316	False	False	False
KIN	ENSG00000151657	C2H2 ZF	747	C2H2 ZF (other)	316	False	False	False
KLF1	ENSG00000105610	C2H2 ZF	747	C2H2 ZF (other)	316	False	False	False
KLF10	ENSG00000155090	C2H2 ZF	747	C2H2 ZF (other)	316	False	False	False
KLF11	ENSG00000172059	C2H2 ZF	747	C2H2 ZF (other)	316	False	False	False
KLF12	ENSG00000118922	C2H2 ZF	747	C2H2 ZF (other)	316	False	False	False
KLF13	ENSG00000169926	C2H2 ZF	747	C2H2 ZF (other)	316	False	False	False
KLF14	ENSG00000266265	C2H2 ZF	747	C2H2 ZF (other)	316	False	False	False
KLF15	ENSG00000163884	C2H2 ZF	747	C2H2 ZF (other)	316	False	False	False
KLF16	ENSG00000129911	C2H2 ZF	747	C2H2 ZF (other)	316	False	False	False
KLF17	ENSG00000171872	C2H2 ZF	747	C2H2 ZF (other)	316	False	False	False
KLF2	ENSG00000127528	C2H2 ZF	747	C2H2 ZF (other)	316	False	False	False
KLF3	ENSG00000109787	C2H2 ZF	747	C2H2 ZF (other)	316	False	False	False
KLF4	ENSG00000136826	C2H2 ZF	747	C2H2 ZF (other)	316	False	False	False
KLF5	ENSG00000102554	C2H2 ZF	747	C2H2 ZF (other)	316	False	False	False
KLF6	ENSG00000067082	C2H2 ZF	747	C2H2 ZF (other)	316	False	False	False
KLF7	ENSG00000118263	C2H2 ZF	747	C2H2 ZF (other)	316	False	False	False
KLF8	ENSG00000102349	C2H2 ZF	747	C2H2 ZF (other)	316	False	False	False
KLF9	ENSG00000119138	C2H2 ZF	747	C2H2 ZF (other)	316	False	False	False
L3MBTL1	ENSG00000185513	C2H2 ZF	747	C2H2 ZF (other)	316	False	False	False
L3MBTL3	ENSG00000198945	C2H2 ZF	747	C2H2 ZF (other)	316	False	False	False
L3MBTL4	ENSG00000154655	C2H2 ZF	747	C2H2 ZF (other)	316	False	False	False
MAZ	ENSG00000103495	C2H2 ZF	747	C2H2 ZF (other)	316	False	False	False
MECOM	ENSG00000085276	C2H2 ZF	747	C2H2 ZF (other)	316	False	False	False
MTF1	ENSG00000188786	C2H2 ZF	747	C2H2 ZF (other)	316	False	False	False
MYNN	ENSG00000085274	C2H2 ZF	747	BTB-ZNF	47	False	False	True
MYT1	ENSG00000196132	C2H2 ZF	747	C2H2 ZF (other)	316	False	False	False
MYT1L	ENSG00000186487	C2H2 ZF	747	C2H2 ZF (other)	316	False	False	False
MZF1	ENSG00000099326	C2H2 ZF	747	SCAN-ZNF	30	False	True	False
OSR1	ENSG00000143867	C2H2 ZF	747	C2H2 ZF (other)	316	False	False	False
OSR2	ENSG00000164920	C2H2 ZF	747	C2H2 ZF (other)	316	False	False	False
OVOL1	ENSG00000172818	C2H2 ZF	747	C2H2 ZF (other)	316	False	False	False
OVOL2	ENSG00000125850	C2H2 ZF	747	C2H2 ZF (other)	316	False	False	False
OVOL3	ENSG00000105261	C2H2 ZF	747	C2H2 ZF (other)	316	False	False	False
PEG3	ENSG00000198300	C2H2 ZF	747	SCAN-ZNF	30	False	True	False
PLAG1	ENSG00000181690	C2H2 ZF	747	C2H2 ZF (other)	316	False	False	False
PLAGL1	ENSG00000118495	C2H2 ZF	747	C2H2 ZF (other)	316	False	False	False
PLAGL2	ENSG00000126003	C2H2 ZF	747	C2H2 ZF (other)	316	False	False	False
PRDM1	ENSG00000057657	C2H2 ZF	747	C2H2 ZF (other)	316	False	False	False
PRDM10	ENSG00000170325	C2H2 ZF	747	C2H2 ZF (other)	316	False	False	False
PRDM12	ENSG00000130711	C2H2 ZF	747	C2H2 ZF (other)	316	False	False	False
PRDM13	ENSG00000112238	C2H2 ZF	747	C2H2 ZF (other)	316	False	False	False
PRDM14	ENSG00000147596	C2H2 ZF	747	C2H2 ZF (other)	316	False	False	False
PRDM15	ENSG00000141956	C2H2 ZF	747	C2H2 ZF (other)	316	False	False	False
PRDM16	ENSG00000142611	C2H2 ZF	747	C2H2 ZF (other)	316	False	False	False
PRDM2	ENSG00000116731	C2H2 ZF	747	C2H2 ZF (other)	316	False	False	False
PRDM4	ENSG00000110851	C2H2 ZF	747	C2H2 ZF (other)	316	False	False	False
PRDM5	ENSG00000138738	C2H2 ZF	747	C2H2 ZF (other)	316	False	False	False
PRDM6	ENSG00000061455	C2H2 ZF	747	C2H2 ZF (other)	316	False	False	False
PRDM8	ENSG00000152784	C2H2 ZF	747	C2H2 ZF (other)	316	False	False	False
PRDM9	ENSG00000164256	C2H2 ZF	747	KRAB-ZNF	354	True	False	False
PRMT3	ENSG00000185238	C2H2 ZF	747	C2H2 ZF (other)	316	False	False	False
RBAK	ENSG00000146587	C2H2 ZF	747	KRAB-ZNF	354	True	False	False
RBSN	ENSG00000131381	C2H2 ZF	747	C2H2 ZF (other)	316	False	False	False
REPIN1	ENSG00000214022	C2H2 ZF	747	C2H2 ZF (other)	316	False	False	False
REST	ENSG00000084093	C2H2 ZF	747	C2H2 ZF (other)	316	False	False	False
RLF	ENSG00000117000	C2H2 ZF	747	C2H2 ZF (other)	316	False	False	False
RREB1	ENSG00000124782	C2H2 ZF	747	C2H2 ZF (other)	316	False	False	False
SALL1	ENSG00000103449	C2H2 ZF	747	C2H2 ZF (other)	316	False	False	False
SALL2	ENSG00000165821	C2H2 ZF	747	C2H2 ZF (other)	316	False	False	False
SALL3	ENSG00000256463	C2H2 ZF	747	C2H2 ZF (other)	316	False	False	False
SALL4	ENSG00000101115	C2H2 ZF	747	C2H2 ZF (other)	316	False	False	False
SCRT1	ENSG00000261678	C2H2 ZF	747	C2H2 ZF (other)	316	False	False	False
SCRT2	ENSG00000215397	C2H2 ZF	747	C2H2 ZF (other)	316	False	False	False
SLC2A4RG	ENSG00000125520	C2H2 ZF	747	C2H2 ZF (other)	316	False	False	False
SNAI1	ENSG00000124216	C2H2 ZF	747	C2H2 ZF (other)	316	False	False	False
SNAI2	ENSG00000019549	C2H2 ZF	747	C2H2 ZF (other)	316	False	False	False
SNAI3	ENSG00000185669	C2H2 ZF	747	C2H2 ZF (other)	316	False	False	False
SP1	ENSG00000185591	C2H2 ZF	747	C2H2 ZF (other)	316	False	False	False
SP2	ENSG00000167182	C2H2 ZF	747	C2H2 ZF (other)	316	False	False	False
SP3	ENSG00000172845	C2H2 ZF	747	C2H2 ZF (other)	316	False	False	False
SP4	ENSG00000105866	C2H2 ZF	747	C2H2 ZF (other)	316	False	False	False
SP5	ENSG00000204335	C2H2 ZF	747	C2H2 ZF (other)	316	False	False	False
SP6	ENSG00000189120	C2H2 ZF	747	C2H2 ZF (other)	316	False	False	False
SP7	ENSG00000170374	C2H2 ZF	747	C2H2 ZF (other)	316	False	False	False
SP8	ENSG00000164651	C2H2 ZF	747	C2H2 ZF (other)	316	False	False	False
SP9	ENSG00000217236	C2H2 ZF	747	C2H2 ZF (other)	316	False	False	False
ST18	ENSG00000147488	C2H2 ZF	747	C2H2 ZF (other)	316	False	False	False
TRAFD1	ENSG00000135148	C2H2 ZF	747	C2H2 ZF (other)	316	False	False	False
TSHZ1	ENSG00000179981	C2H2 ZF	747	C2H2 ZF (other)	316	False	False	False
TSHZ2	ENSG00000182463	C2H2 ZF	747	C2H2 ZF (other)	316	False	False	False
TSHZ3	ENSG00000121297	C2H2 ZF	747	C2H2 ZF (other)	316	False	False	False
VEZF1	ENSG00000136451	C2H2 ZF	747	C2H2 ZF (other)	316	False	False	False
WIZ	ENSG00000011451	C2H2 ZF	747	C2H2 ZF (other)	316	False	False	False
WT1	ENSG00000184937	C2H2 ZF	747	C2H2 ZF (other)	316	False	False	False
YY1	ENSG00000100811	C2H2 ZF	747	C2H2 ZF (other)	316	False	False	False
YY2	ENSG00000230797	C2H2 ZF	747	C2H2 ZF (other)	316	False	False	False
ZBTB1	ENSG00000126804	C2H2 ZF	747	BTB-ZNF	47	False	False	True
ZBTB10	ENSG00000205189	C2H2 ZF	747	BTB-ZNF	47	False	False	True
ZBTB11	ENSG00000066422	C2H2 ZF	747	BTB-ZNF	47	False	False	True
ZBTB12	ENSG00000204366	C2H2 ZF	747	BTB-ZNF	47	False	False	True
ZBTB14	ENSG00000198081	C2H2 ZF	747	BTB-ZNF	47	False	False	True
ZBTB16	ENSG00000109906	C2H2 ZF	747	BTB-ZNF	47	False	False	True
ZBTB17	ENSG00000116809	C2H2 ZF	747	BTB-ZNF	47	False	False	True
ZBTB18	ENSG00000179456	C2H2 ZF	747	BTB-ZNF	47	False	False	True
ZBTB2	ENSG00000181472	C2H2 ZF	747	BTB-ZNF	47	False	False	True
ZBTB20	ENSG00000181722	C2H2 ZF	747	BTB-ZNF	47	False	False	True
ZBTB21	ENSG00000173276	C2H2 ZF	747	BTB-ZNF	47	False	False	True
ZBTB22	ENSG00000236104	C2H2 ZF	747	BTB-ZNF	47	False	False	True
ZBTB25	ENSG00000089775	C2H2 ZF	747	BTB-ZNF	47	False	False	True
ZBTB26	ENSG00000171448	C2H2 ZF	747	BTB-ZNF	47	False	False	True
ZBTB3	ENSG00000185670	C2H2 ZF	747	BTB-ZNF	47	False	False	True
ZBTB32	ENSG00000011590	C2H2 ZF	747	BTB-ZNF	47	False	False	True
ZBTB33	ENSG00000177485	C2H2 ZF	747	BTB-ZNF	47	False	False	True
ZBTB34	ENSG00000177125	C2H2 ZF	747	BTB-ZNF	47	False	False	True
ZBTB37	ENSG00000185278	C2H2 ZF	747	BTB-ZNF	47	False	False	True
ZBTB38	ENSG00000177311	C2H2 ZF	747	BTB-ZNF	47	False	False	True
ZBTB39	ENSG00000166860	C2H2 ZF	747	BTB-ZNF	47	False	False	True
ZBTB4	ENSG00000174282	C2H2 ZF	747	BTB-ZNF	47	False	False	True
ZBTB40	ENSG00000184677	C2H2 ZF	747	BTB-ZNF	47	False	False	True
ZBTB41	ENSG00000177888	C2H2 ZF	747	BTB-ZNF	47	False	False	True
ZBTB42	ENSG00000179627	C2H2 ZF	747	BTB-ZNF	47	False	False	True
ZBTB43	ENSG00000169155	C2H2 ZF	747	BTB-ZNF	47	False	False	True
ZBTB44	ENSG00000196323	C2H2 ZF	747	BTB-ZNF	47	False	False	True
ZBTB45	ENSG00000119574	C2H2 ZF	747	BTB-ZNF	47	False	False	True
ZBTB46	ENSG00000130584	C2H2 ZF	747	BTB-ZNF	47	False	False	True
ZBTB47	ENSG00000114853	C2H2 ZF	747	BTB-ZNF	47	False	False	True
ZBTB48	ENSG00000204859	C2H2 ZF	747	BTB-ZNF	47	False	False	True
ZBTB49	ENSG00000168826	C2H2 ZF	747	BTB-ZNF	47	False	False	True
ZBTB5	ENSG00000168795	C2H2 ZF	747	BTB-ZNF	47	False	False	True
ZBTB6	ENSG00000186130	C2H2 ZF	747	BTB-ZNF	47	False	False	True
ZBTB7A	ENSG00000178951	C2H2 ZF	747	BTB-ZNF	47	False	False	True
ZBTB7B	ENSG00000160685	C2H2 ZF	747	BTB-ZNF	47	False	False	True
ZBTB7C	ENSG00000184828	C2H2 ZF	747	BTB-ZNF	47	False	False	True
ZBTB8A	ENSG00000160062	C2H2 ZF	747	BTB-ZNF	47	False	False	True
ZBTB8B	ENSG00000273274	C2H2 ZF	747	BTB-ZNF	47	False	False	True
ZBTB9	ENSG00000213588	C2H2 ZF	747	BTB-ZNF	47	False	False	True
ZFAT	ENSG00000066827	C2H2 ZF	747	C2H2 ZF (other)	316	False	False	False
ZFP1	ENSG00000184517	C2H2 ZF	747	KRAB-ZNF	354	True	False	False
ZFP14	ENSG00000142065	C2H2 ZF	747	KRAB-ZNF	354	True	False	False
ZFP2	ENSG00000198939	C2H2 ZF	747	C2H2 ZF (other)	316	False	False	False
ZFP28	ENSG00000196867	C2H2 ZF	747	KRAB-ZNF	354	True	False	False
ZFP3	ENSG00000180787	C2H2 ZF	747	C2H2 ZF (other)	316	False	False	False
ZFP30	ENSG00000120784	C2H2 ZF	747	KRAB-ZNF	354	True	False	False
ZFP37	ENSG00000136866	C2H2 ZF	747	KRAB-ZNF	354	True	False	False
ZFP41	ENSG00000181638	C2H2 ZF	747	C2H2 ZF (other)	316	False	False	False
ZFP42	ENSG00000179059	C2H2 ZF	747	C2H2 ZF (other)	316	False	False	False
ZFP57	ENSG00000204644	C2H2 ZF	747	KRAB-ZNF	354	True	False	False
ZFP62	ENSG00000196670	C2H2 ZF	747	C2H2 ZF (other)	316	False	False	False
ZFP64	ENSG00000020256	C2H2 ZF	747	C2H2 ZF (other)	316	False	False	False
ZFP69	ENSG00000187815	C2H2 ZF	747	KRAB-ZNF	354	True	True	False
ZFP69B	ENSG00000187801	C2H2 ZF	747	KRAB-ZNF	354	True	True	False
ZFP82	ENSG00000181007	C2H2 ZF	747	KRAB-ZNF	354	True	False	False
ZFP90	ENSG00000184939	C2H2 ZF	747	KRAB-ZNF	354	True	False	False
ZFP91	ENSG00000186660	C2H2 ZF	747	C2H2 ZF (other)	316	False	False	False
ZFP92	ENSG00000189420	C2H2 ZF	747	KRAB-ZNF	354	True	False	False
ZFPM1	ENSG00000179588	C2H2 ZF	747	C2H2 ZF (other)	316	False	False	False
ZFPM2	ENSG00000169946	C2H2 ZF	747	C2H2 ZF (other)	316	False	False	False
ZFX	ENSG00000005889	C2H2 ZF	747	C2H2 ZF (other)	316	False	False	False
ZFY	ENSG00000067646	C2H2 ZF	747	C2H2 ZF (other)	316	False	False	False
ZIC1	ENSG00000152977	C2H2 ZF	747	C2H2 ZF (other)	316	False	False	False
ZIC2	ENSG00000043355	C2H2 ZF	747	C2H2 ZF (other)	316	False	False	False
ZIC3	ENSG00000156925	C2H2 ZF	747	C2H2 ZF (other)	316	False	False	False
ZIC4	ENSG00000174963	C2H2 ZF	747	C2H2 ZF (other)	316	False	False	False
ZIC5	ENSG00000139800	C2H2 ZF	747	C2H2 ZF (other)	316	False	False	False
ZIK1	ENSG00000171649	C2H2 ZF	747	KRAB-ZNF	354	True	False	False
ZIM2	ENSG00000269699	C2H2 ZF	747	KRAB-ZNF	354	True	False	False
ZIM3	ENSG00000141946	C2H2 ZF	747	KRAB-ZNF	354	True	False	False
ZKSCAN1	ENSG00000106261	C2H2 ZF	747	KRAB-ZNF	354	True	True	False
ZKSCAN2	ENSG00000155592	C2H2 ZF	747	KRAB-ZNF	354	True	True	False
ZKSCAN3	ENSG00000189298	C2H2 ZF	747	KRAB-ZNF	354	True	True	False
ZKSCAN4	ENSG00000187626	C2H2 ZF	747	KRAB-ZNF	354	True	True	False
ZKSCAN5	ENSG00000196652	C2H2 ZF	747	KRAB-ZNF	354	True	True	False
ZKSCAN7	ENSG00000196345	C2H2 ZF	747	KRAB-ZNF	354	True	True	False
ZKSCAN8	ENSG00000198315	C2H2 ZF	747	KRAB-ZNF	354	True	True	False
ZMAT1	ENSG00000166432	C2H2 ZF	747	C2H2 ZF (other)	316	False	False	False
ZMAT4	ENSG00000165061	C2H2 ZF	747	C2H2 ZF (other)	316	False	False	False
ZNF10	ENSG00000256223	C2H2 ZF	747	KRAB-ZNF	354	True	False	False
ZNF100	ENSG00000197020	C2H2 ZF	747	KRAB-ZNF	354	True	False	False
ZNF101	ENSG00000181896	C2H2 ZF	747	KRAB-ZNF	354	True	False	False
ZNF107	ENSG00000196247	C2H2 ZF	747	C2H2 ZF (other)	316	False	False	False
ZNF112	ENSG00000062370	C2H2 ZF	747	KRAB-ZNF	354	True	False	False
ZNF114	ENSG00000178150	C2H2 ZF	747	KRAB-ZNF	354	True	False	False
ZNF117	ENSG00000152926	C2H2 ZF	747	C2H2 ZF (other)	316	False	False	False
ZNF12	ENSG00000164631	C2H2 ZF	747	KRAB-ZNF	354	True	False	False
ZNF121	ENSG00000197961	C2H2 ZF	747	C2H2 ZF (other)	316	False	False	False
ZNF124	ENSG00000196418	C2H2 ZF	747	KRAB-ZNF	354	True	False	False
ZNF131	ENSG00000172262	C2H2 ZF	747	BTB-ZNF	47	False	False	True
ZNF132	ENSG00000131849	C2H2 ZF	747	KRAB-ZNF	354	True	False	False
ZNF133	ENSG00000125846	C2H2 ZF	747	KRAB-ZNF	354	True	False	False
ZNF134	ENSG00000213762	C2H2 ZF	747	C2H2 ZF (other)	316	False	False	False
ZNF135	ENSG00000176293	C2H2 ZF	747	KRAB-ZNF	354	True	False	False
ZNF136	ENSG00000196646	C2H2 ZF	747	KRAB-ZNF	354	True	False	False
ZNF138	ENSG00000197008	C2H2 ZF	747	C2H2 ZF (other)	316	False	False	False
ZNF14	ENSG00000105708	C2H2 ZF	747	KRAB-ZNF	354	True	False	False
ZNF140	ENSG00000196387	C2H2 ZF	747	KRAB-ZNF	354	True	False	False
ZNF141	ENSG00000131127	C2H2 ZF	747	KRAB-ZNF	354	True	False	False
ZNF142	ENSG00000115568	C2H2 ZF	747	C2H2 ZF (other)	316	False	False	False
ZNF143	ENSG00000166478	C2H2 ZF	747	C2H2 ZF (other)	316	False	False	False
ZNF146	ENSG00000167635	C2H2 ZF	747	C2H2 ZF (other)	316	False	False	False
ZNF148	ENSG00000163848	C2H2 ZF	747	C2H2 ZF (other)	316	False	False	False
ZNF154	ENSG00000179909	C2H2 ZF	747	KRAB-ZNF	354	True	False	False
ZNF155	ENSG00000204920	C2H2 ZF	747	KRAB-ZNF	354	True	False	False
ZNF157	ENSG00000147117	C2H2 ZF	747	KRAB-ZNF	354	True	False	False
ZNF16	ENSG00000170631	C2H2 ZF	747	C2H2 ZF (other)	316	False	False	False
ZNF160	ENSG00000170949	C2H2 ZF	747	KRAB-ZNF	354	True	False	False
ZNF165	ENSG00000197279	C2H2 ZF	747	SCAN-ZNF	30	False	True	False
ZNF169	ENSG00000175787	C2H2 ZF	747	KRAB-ZNF	354	True	False	False
ZNF17	ENSG00000186272	C2H2 ZF	747	KRAB-ZNF	354	True	False	False
ZNF174	ENSG00000103343	C2H2 ZF	747	SCAN-ZNF	30	False	True	False
ZNF175	ENSG00000105497	C2H2 ZF	747	KRAB-ZNF	354	True	False	False
ZNF177	ENSG00000188629	C2H2 ZF	747	KRAB-ZNF	354	True	False	False
ZNF18	ENSG00000154957	C2H2 ZF	747	KRAB-ZNF	354	True	True	False
ZNF180	ENSG00000167384	C2H2 ZF	747	KRAB-ZNF	354	True	False	False
ZNF181	ENSG00000197841	C2H2 ZF	747	KRAB-ZNF	354	True	False	False
ZNF182	ENSG00000147118	C2H2 ZF	747	KRAB-ZNF	354	True	False	False
ZNF184	ENSG00000096654	C2H2 ZF	747	KRAB-ZNF	354	True	False	False
ZNF189	ENSG00000136870	C2H2 ZF	747	KRAB-ZNF	354	True	False	False
ZNF19	ENSG00000157429	C2H2 ZF	747	KRAB-ZNF	354	True	False	False
ZNF195	ENSG00000005801	C2H2 ZF	747	KRAB-ZNF	354	True	False	False
ZNF197	ENSG00000186448	C2H2 ZF	747	KRAB-ZNF	354	True	True	False
ZNF2	ENSG00000275111	C2H2 ZF	747	KRAB-ZNF	354	True	False	False
ZNF20	ENSG00000132010	C2H2 ZF	747	KRAB-ZNF	354	True	False	False
ZNF200	ENSG00000010539	C2H2 ZF	747	C2H2 ZF (other)	316	False	False	False
ZNF202	ENSG00000166261	C2H2 ZF	747	KRAB-ZNF	354	True	True	False
ZNF205	ENSG00000122386	C2H2 ZF	747	KRAB-ZNF	354	True	False	False
ZNF207	ENSG00000010244	C2H2 ZF	747	C2H2 ZF (other)	316	False	False	False
ZNF208	ENSG00000160321	C2H2 ZF	747	KRAB-ZNF	354	True	False	False
ZNF211	ENSG00000121417	C2H2 ZF	747	KRAB-ZNF	354	True	False	False
ZNF212	ENSG00000170260	C2H2 ZF	747	KRAB-ZNF	354	True	False	False
ZNF213	ENSG00000085644	C2H2 ZF	747	KRAB-ZNF	354	True	True	False
ZNF214	ENSG00000149050	C2H2 ZF	747	KRAB-ZNF	354	True	False	False
ZNF215	ENSG00000149054	C2H2 ZF	747	KRAB-ZNF	354	True	True	False
ZNF217	ENSG00000171940	C2H2 ZF	747	C2H2 ZF (other)	316	False	False	False
ZNF219	ENSG00000165804	C2H2 ZF	747	C2H2 ZF (other)	316	False	False	False
ZNF22	ENSG00000165512	C2H2 ZF	747	C2H2 ZF (other)	316	False	False	False
ZNF221	ENSG00000159905	C2H2 ZF	747	KRAB-ZNF	354	True	False	False
ZNF222	ENSG00000159885	C2H2 ZF	747	KRAB-ZNF	354	True	False	False
ZNF223	ENSG00000178386	C2H2 ZF	747	KRAB-ZNF	354	True	False	False
ZNF224	ENSG00000267680	C2H2 ZF	747	KRAB-ZNF	354	True	False	False
ZNF225	ENSG00000256294	C2H2 ZF	747	KRAB-ZNF	354	True	False	False
ZNF226	ENSG00000167380	C2H2 ZF	747	KRAB-ZNF	354	True	False	False
ZNF227	ENSG00000131115	C2H2 ZF	747	KRAB-ZNF	354	True	False	False
ZNF229	ENSG00000278318	C2H2 ZF	747	KRAB-ZNF	354	True	False	False
ZNF23	ENSG00000167377	C2H2 ZF	747	KRAB-ZNF	354	True	False	False
ZNF230	ENSG00000159882	C2H2 ZF	747	KRAB-ZNF	354	True	False	False
ZNF232	ENSG00000167840	C2H2 ZF	747	SCAN-ZNF	30	False	True	False
ZNF233	ENSG00000159915	C2H2 ZF	747	KRAB-ZNF	354	True	False	False
ZNF234	ENSG00000263002	C2H2 ZF	747	KRAB-ZNF	354	True	False	False
ZNF235	ENSG00000159917	C2H2 ZF	747	KRAB-ZNF	354	True	False	False
ZNF236	ENSG00000130856	C2H2 ZF	747	C2H2 ZF (other)	316	False	False	False
ZNF239	ENSG00000196793	C2H2 ZF	747	C2H2 ZF (other)	316	False	False	False
ZNF24	ENSG00000172466	C2H2 ZF	747	SCAN-ZNF	30	False	True	False
ZNF248	ENSG00000198105	C2H2 ZF	747	KRAB-ZNF	354	True	False	False
ZNF25	ENSG00000175395	C2H2 ZF	747	KRAB-ZNF	354	True	False	False
ZNF250	ENSG00000196150	C2H2 ZF	747	KRAB-ZNF	354	True	False	False
ZNF251	ENSG00000198169	C2H2 ZF	747	KRAB-ZNF	354	True	False	False
ZNF253	ENSG00000256771	C2H2 ZF	747	KRAB-ZNF	354	True	False	False
ZNF254	ENSG00000213096	C2H2 ZF	747	KRAB-ZNF	354	True	False	False
ZNF256	ENSG00000152454	C2H2 ZF	747	KRAB-ZNF	354	True	False	False
ZNF257	ENSG00000197134	C2H2 ZF	747	KRAB-ZNF	354	True	False	False
ZNF26	ENSG00000198393	C2H2 ZF	747	KRAB-ZNF	354	True	False	False
ZNF260	ENSG00000254004	C2H2 ZF	747	C2H2 ZF (other)	316	False	False	False
ZNF263	ENSG00000006194	C2H2 ZF	747	KRAB-ZNF	354	True	True	False
ZNF264	ENSG00000083844	C2H2 ZF	747	KRAB-ZNF	354	True	False	False
ZNF266	ENSG00000174652	C2H2 ZF	747	KRAB-ZNF	354	True	False	False
ZNF267	ENSG00000185947	C2H2 ZF	747	KRAB-ZNF	354	True	False	False
ZNF268	ENSG00000090612	C2H2 ZF	747	KRAB-ZNF	354	True	False	False
ZNF273	ENSG00000198039	C2H2 ZF	747	KRAB-ZNF	354	True	False	False
ZNF274	ENSG00000171606	C2H2 ZF	747	KRAB-ZNF	354	True	True	False
ZNF275	ENSG00000063587	C2H2 ZF	747	C2H2 ZF (other)	316	False	False	False
ZNF276	ENSG00000158805	C2H2 ZF	747	C2H2 ZF (other)	316	False	False	False
ZNF28	ENSG00000198538	C2H2 ZF	747	KRAB-ZNF	354	True	False	False
ZNF280A	ENSG00000169548	C2H2 ZF	747	C2H2 ZF (other)	316	False	False	False
ZNF280B	ENSG00000275004	C2H2 ZF	747	C2H2 ZF (other)	316	False	False	False
ZNF280C	ENSG00000056277	C2H2 ZF	747	C2H2 ZF (other)	316	False	False	False
ZNF280D	ENSG00000137871	C2H2 ZF	747	C2H2 ZF (other)	316	False	False	False
ZNF281	ENSG00000162702	C2H2 ZF	747	C2H2 ZF (other)	316	False	False	False
ZNF282	ENSG00000170265	C2H2 ZF	747	KRAB-ZNF	354	True	False	False
ZNF283	ENSG00000167637	C2H2 ZF	747	KRAB-ZNF	354	True	False	False
ZNF284	ENSG00000186026	C2H2 ZF	747	KRAB-ZNF	354	True	False	False
ZNF285	ENSG00000267508	C2H2 ZF	747	KRAB-ZNF	354	True	False	False
ZNF286A	ENSG00000187607	C2H2 ZF	747	KRAB-ZNF	354	True	False	False
ZNF286B	ENSG00000249459	C2H2 ZF	747	C2H2 ZF (other)	316	False	False	False
ZNF287	ENSG00000141040	C2H2 ZF	747	KRAB-ZNF	354	True	True	False
ZNF292	ENSG00000188994	C2H2 ZF	747	C2H2 ZF (other)	316	False	False	False
ZNF296	ENSG00000170684	C2H2 ZF	747	C2H2 ZF (other)	316	False	False	False
ZNF3	ENSG00000166526	C2H2 ZF	747	KRAB-ZNF	354	True	False	False
ZNF30	ENSG00000168661	C2H2 ZF	747	KRAB-ZNF	354	True	False	False
ZNF300	ENSG00000145908	C2H2 ZF	747	KRAB-ZNF	354	True	False	False
ZNF302	ENSG00000089335	C2H2 ZF	747	KRAB-ZNF	354	True	False	False
ZNF304	ENSG00000131845	C2H2 ZF	747	KRAB-ZNF	354	True	False	False
ZNF311	ENSG00000197935	C2H2 ZF	747	KRAB-ZNF	354	True	False	False
ZNF316	ENSG00000205903	C2H2 ZF	747	KRAB-ZNF	354	True	False	False
ZNF317	ENSG00000130803	C2H2 ZF	747	KRAB-ZNF	354	True	False	False
ZNF318	ENSG00000171467	C2H2 ZF	747	C2H2 ZF (other)	316	False	False	False
ZNF319	ENSG00000166188	C2H2 ZF	747	C2H2 ZF (other)	316	False	False	False
ZNF32	ENSG00000169740	C2H2 ZF	747	C2H2 ZF (other)	316	False	False	False
ZNF320	ENSG00000182986	C2H2 ZF	747	KRAB-ZNF	354	True	False	False
ZNF322	ENSG00000181315	C2H2 ZF	747	C2H2 ZF (other)	316	False	False	False
ZNF324	ENSG00000083812	C2H2 ZF	747	KRAB-ZNF	354	True	False	False
ZNF324B	ENSG00000249471	C2H2 ZF	747	KRAB-ZNF	354	True	False	False
ZNF326	ENSG00000162664	C2H2 ZF	747	C2H2 ZF (other)	316	False	False	False
ZNF329	ENSG00000181894	C2H2 ZF	747	C2H2 ZF (other)	316	False	False	False
ZNF331	ENSG00000130844	C2H2 ZF	747	KRAB-ZNF	354	True	False	False
ZNF333	ENSG00000160961	C2H2 ZF	747	KRAB-ZNF	354	True	False	False
ZNF334	ENSG00000198185	C2H2 ZF	747	KRAB-ZNF	354	True	False	False
ZNF335	ENSG00000198026	C2H2 ZF	747	C2H2 ZF (other)	316	False	False	False
ZNF337	ENSG00000130684	C2H2 ZF	747	KRAB-ZNF	354	True	False	False
ZNF33A	ENSG00000189180	C2H2 ZF	747	KRAB-ZNF	354	True	False	False
ZNF33B	ENSG00000196693	C2H2 ZF	747	KRAB-ZNF	354	True	False	False
ZNF34	ENSG00000196378	C2H2 ZF	747	KRAB-ZNF	354	True	False	False
ZNF341	ENSG00000131061	C2H2 ZF	747	C2H2 ZF (other)	316	False	False	False
ZNF343	ENSG00000088876	C2H2 ZF	747	KRAB-ZNF	354	True	False	False
ZNF345	ENSG00000251247	C2H2 ZF	747	C2H2 ZF (other)	316	False	False	False
ZNF346	ENSG00000113761	C2H2 ZF	747	C2H2 ZF (other)	316	False	False	False
ZNF347	ENSG00000197937	C2H2 ZF	747	KRAB-ZNF	354	True	False	False
ZNF35	ENSG00000169981	C2H2 ZF	747	C2H2 ZF (other)	316	False	False	False
ZNF350	ENSG00000256683	C2H2 ZF	747	KRAB-ZNF	354	True	False	False
ZNF354A	ENSG00000169131	C2H2 ZF	747	KRAB-ZNF	354	True	False	False
ZNF354B	ENSG00000178338	C2H2 ZF	747	KRAB-ZNF	354	True	False	False
ZNF354C	ENSG00000177932	C2H2 ZF	747	KRAB-ZNF	354	True	False	False
ZNF358	ENSG00000198816	C2H2 ZF	747	C2H2 ZF (other)	316	False	False	False
ZNF362	ENSG00000160094	C2H2 ZF	747	C2H2 ZF (other)	316	False	False	False
ZNF365	ENSG00000138311	C2H2 ZF	747	C2H2 ZF (other)	316	False	False	False
ZNF366	ENSG00000178175	C2H2 ZF	747	C2H2 ZF (other)	316	False	False	False
ZNF367	ENSG00000165244	C2H2 ZF	747	C2H2 ZF (other)	316	False	False	False
ZNF37A	ENSG00000075407	C2H2 ZF	747	KRAB-ZNF	354	True	False	False
ZNF382	ENSG00000161298	C2H2 ZF	747	KRAB-ZNF	354	True	False	False
ZNF383	ENSG00000188283	C2H2 ZF	747	KRAB-ZNF	354	True	False	False
ZNF384	ENSG00000126746	C2H2 ZF	747	C2H2 ZF (other)	316	False	False	False
ZNF385A	ENSG00000161642	C2H2 ZF	747	C2H2 ZF (other)	316	False	False	False
ZNF385B	ENSG00000144331	C2H2 ZF	747	C2H2 ZF (other)	316	False	False	False
ZNF385C	ENSG00000187595	C2H2 ZF	747	C2H2 ZF (other)	316	False	False	False
ZNF385D	ENSG00000151789	C2H2 ZF	747	C2H2 ZF (other)	316	False	False	False
ZNF391	ENSG00000124613	C2H2 ZF	747	C2H2 ZF (other)	316	False	False	False
ZNF394	ENSG00000160908	C2H2 ZF	747	KRAB-ZNF	354	True	True	False
ZNF395	ENSG00000186918	C2H2 ZF	747	C2H2 ZF (other)	316	False	False	False
ZNF396	ENSG00000186496	C2H2 ZF	747	SCAN-ZNF	30	False	True	False
ZNF397	ENSG00000186812	C2H2 ZF	747	SCAN-ZNF	30	False	True	False
ZNF398	ENSG00000197024	C2H2 ZF	747	KRAB-ZNF	354	True	False	False
ZNF404	ENSG00000176222	C2H2 ZF	747	KRAB-ZNF	354	True	False	False
ZNF407	ENSG00000215421	C2H2 ZF	747	C2H2 ZF (other)	316	False	False	False
ZNF408	ENSG00000175213	C2H2 ZF	747	C2H2 ZF (other)	316	False	False	False
ZNF41	ENSG00000147124	C2H2 ZF	747	KRAB-ZNF	354	True	False	False
ZNF410	ENSG00000119725	C2H2 ZF	747	C2H2 ZF (other)	316	False	False	False
ZNF414	ENSG00000133250	C2H2 ZF	747	C2H2 ZF (other)	316	False	False	False
ZNF415	ENSG00000170954	C2H2 ZF	747	C2H2 ZF (other)	316	False	False	False
ZNF416	ENSG00000083817	C2H2 ZF	747	KRAB-ZNF	354	True	False	False
ZNF417	ENSG00000173480	C2H2 ZF	747	KRAB-ZNF	354	True	False	False
ZNF418	ENSG00000196724	C2H2 ZF	747	KRAB-ZNF	354	True	False	False
ZNF419	ENSG00000105136	C2H2 ZF	747	KRAB-ZNF	354	True	False	False
ZNF420	ENSG00000197050	C2H2 ZF	747	KRAB-ZNF	354	True	False	False
ZNF423	ENSG00000102935	C2H2 ZF	747	C2H2 ZF (other)	316	False	False	False
ZNF425	ENSG00000204947	C2H2 ZF	747	KRAB-ZNF	354	True	False	False
ZNF426	ENSG00000130818	C2H2 ZF	747	KRAB-ZNF	354	True	False	False
ZNF428	ENSG00000131116	C2H2 ZF	747	C2H2 ZF (other)	316	False	False	False
ZNF429	ENSG00000197013	C2H2 ZF	747	KRAB-ZNF	354	True	False	False
ZNF43	ENSG00000198521	C2H2 ZF	747	KRAB-ZNF	354	True	False	False
ZNF430	ENSG00000118620	C2H2 ZF	747	KRAB-ZNF	354	True	False	False
ZNF431	ENSG00000196705	C2H2 ZF	747	KRAB-ZNF	354	True	False	False
ZNF432	ENSG00000256087	C2H2 ZF	747	KRAB-ZNF	354	True	False	False
ZNF433	ENSG00000197647	C2H2 ZF	747	KRAB-ZNF	354	True	False	False
ZNF436	ENSG00000125945	C2H2 ZF	747	KRAB-ZNF	354	True	False	False
ZNF438	ENSG00000183621	C2H2 ZF	747	C2H2 ZF (other)	316	False	False	False
ZNF439	ENSG00000171291	C2H2 ZF	747	KRAB-ZNF	354	True	False	False
ZNF44	ENSG00000197857	C2H2 ZF	747	KRAB-ZNF	354	True	False	False
ZNF440	ENSG00000171295	C2H2 ZF	747	KRAB-ZNF	354	True	False	False
ZNF441	ENSG00000197044	C2H2 ZF	747	KRAB-ZNF	354	True	False	False
ZNF442	ENSG00000198342	C2H2 ZF	747	KRAB-ZNF	354	True	False	False
ZNF443	ENSG00000180855	C2H2 ZF	747	KRAB-ZNF	354	True	False	False
ZNF444	ENSG00000167685	C2H2 ZF	747	SCAN-ZNF	30	False	True	False
ZNF445	ENSG00000185219	C2H2 ZF	747	KRAB-ZNF	354	True	True	False
ZNF446	ENSG00000083838	C2H2 ZF	747	KRAB-ZNF	354	True	True	False
ZNF449	ENSG00000173275	C2H2 ZF	747	SCAN-ZNF	30	False	True	False
ZNF45	ENSG00000124459	C2H2 ZF	747	KRAB-ZNF	354	True	False	False
ZNF451	ENSG00000112200	C2H2 ZF	747	C2H2 ZF (other)	316	False	False	False
ZNF454	ENSG00000178187	C2H2 ZF	747	KRAB-ZNF	354	True	False	False
ZNF460	ENSG00000197714	C2H2 ZF	747	KRAB-ZNF	354	True	False	False
ZNF461	ENSG00000197808	C2H2 ZF	747	KRAB-ZNF	354	True	False	False
ZNF462	ENSG00000148143	C2H2 ZF	747	C2H2 ZF (other)	316	False	False	False
ZNF467	ENSG00000181444	C2H2 ZF	747	C2H2 ZF (other)	316	False	False	False
ZNF468	ENSG00000204604	C2H2 ZF	747	KRAB-ZNF	354	True	False	False
ZNF469	ENSG00000225614	C2H2 ZF	747	C2H2 ZF (other)	316	False	False	False
ZNF470	ENSG00000197016	C2H2 ZF	747	KRAB-ZNF	354	True	False	False
ZNF471	ENSG00000196263	C2H2 ZF	747	KRAB-ZNF	354	True	False	False
ZNF473	ENSG00000142528	C2H2 ZF	747	KRAB-ZNF	354	True	False	False
ZNF474	ENSG00000164185	C2H2 ZF	747	C2H2 ZF (other)	316	False	False	False
ZNF479	ENSG00000185177	C2H2 ZF	747	KRAB-ZNF	354	True	False	False
ZNF48	ENSG00000180035	C2H2 ZF	747	C2H2 ZF (other)	316	False	False	False
ZNF480	ENSG00000198464	C2H2 ZF	747	KRAB-ZNF	354	True	False	False
ZNF483	ENSG00000173258	C2H2 ZF	747	KRAB-ZNF	354	True	True	False
ZNF484	ENSG00000127081	C2H2 ZF	747	KRAB-ZNF	354	True	False	False
ZNF485	ENSG00000198298	C2H2 ZF	747	KRAB-ZNF	354	True	False	False
ZNF486	ENSG00000256229	C2H2 ZF	747	KRAB-ZNF	354	True	False	False
ZNF487	ENSG00000243660	C2H2 ZF	747	KRAB-ZNF	354	True	False	False
ZNF488	ENSG00000265763	C2H2 ZF	747	C2H2 ZF (other)	316	False	False	False
ZNF490	ENSG00000188033	C2H2 ZF	747	KRAB-ZNF	354	True	False	False
ZNF491	ENSG00000177599	C2H2 ZF	747	C2H2 ZF (other)	316	False	False	False
ZNF492	ENSG00000229676	C2H2 ZF	747	KRAB-ZNF	354	True	False	False
ZNF493	ENSG00000196268	C2H2 ZF	747	C2H2 ZF (other)	316	False	False	False
ZNF496	ENSG00000162714	C2H2 ZF	747	KRAB-ZNF	354	True	True	False
ZNF497	ENSG00000174586	C2H2 ZF	747	C2H2 ZF (other)	316	False	False	False
ZNF500	ENSG00000103199	C2H2 ZF	747	KRAB-ZNF	354	True	True	False
ZNF501	ENSG00000186446	C2H2 ZF	747	C2H2 ZF (other)	316	False	False	False
ZNF502	ENSG00000196653	C2H2 ZF	747	C2H2 ZF (other)	316	False	False	False
ZNF503	ENSG00000165655	C2H2 ZF	747	C2H2 ZF (other)	316	False	False	False
ZNF506	ENSG00000081665	C2H2 ZF	747	KRAB-ZNF	354	True	False	False
ZNF507	ENSG00000168813	C2H2 ZF	747	C2H2 ZF (other)	316	False	False	False
ZNF510	ENSG00000081386	C2H2 ZF	747	KRAB-ZNF	354	True	False	False
ZNF511	ENSG00000198546	C2H2 ZF	747	C2H2 ZF (other)	316	False	False	False
ZNF512B	ENSG00000196700	C2H2 ZF	747	C2H2 ZF (other)	316	False	False	False
ZNF513	ENSG00000163795	C2H2 ZF	747	C2H2 ZF (other)	316	False	False	False
ZNF514	ENSG00000144026	C2H2 ZF	747	KRAB-ZNF	354	True	False	False
ZNF516	ENSG00000101493	C2H2 ZF	747	C2H2 ZF (other)	316	False	False	False
ZNF517	ENSG00000197363	C2H2 ZF	747	KRAB-ZNF	354	True	False	False
ZNF518A	ENSG00000177853	C2H2 ZF	747	C2H2 ZF (other)	316	False	False	False
ZNF518B	ENSG00000178163	C2H2 ZF	747	C2H2 ZF (other)	316	False	False	False
ZNF519	ENSG00000175322	C2H2 ZF	747	KRAB-ZNF	354	True	False	False
ZNF521	ENSG00000198795	C2H2 ZF	747	C2H2 ZF (other)	316	False	False	False
ZNF525	ENSG00000203326	C2H2 ZF	747	KRAB-ZNF	354	True	False	False
ZNF526	ENSG00000167625	C2H2 ZF	747	C2H2 ZF (other)	316	False	False	False
ZNF527	ENSG00000189164	C2H2 ZF	747	KRAB-ZNF	354	True	False	False
ZNF528	ENSG00000167555	C2H2 ZF	747	KRAB-ZNF	354	True	False	False
ZNF529	ENSG00000186020	C2H2 ZF	747	KRAB-ZNF	354	True	False	False
ZNF530	ENSG00000183647	C2H2 ZF	747	KRAB-ZNF	354	True	False	False
ZNF532	ENSG00000074657	C2H2 ZF	747	C2H2 ZF (other)	316	False	False	False
ZNF534	ENSG00000198633	C2H2 ZF	747	KRAB-ZNF	354	True	False	False
ZNF536	ENSG00000198597	C2H2 ZF	747	C2H2 ZF (other)	316	False	False	False
ZNF540	ENSG00000171817	C2H2 ZF	747	KRAB-ZNF	354	True	False	False
ZNF543	ENSG00000178229	C2H2 ZF	747	KRAB-ZNF	354	True	False	False
ZNF544	ENSG00000198131	C2H2 ZF	747	KRAB-ZNF	354	True	False	False
ZNF546	ENSG00000187187	C2H2 ZF	747	KRAB-ZNF	354	True	False	False
ZNF547	ENSG00000152433	C2H2 ZF	747	KRAB-ZNF	354	True	False	False
ZNF548	ENSG00000188785	C2H2 ZF	747	KRAB-ZNF	354	True	False	False
ZNF549	ENSG00000121406	C2H2 ZF	747	KRAB-ZNF	354	True	False	False
ZNF550	ENSG00000251369	C2H2 ZF	747	KRAB-ZNF	354	True	False	False
ZNF551	ENSG00000204519	C2H2 ZF	747	KRAB-ZNF	354	True	False	False
ZNF552	ENSG00000178935	C2H2 ZF	747	KRAB-ZNF	354	True	False	False
ZNF554	ENSG00000172006	C2H2 ZF	747	KRAB-ZNF	354	True	False	False
ZNF555	ENSG00000186300	C2H2 ZF	747	KRAB-ZNF	354	True	False	False
ZNF556	ENSG00000172000	C2H2 ZF	747	KRAB-ZNF	354	True	False	False
ZNF557	ENSG00000130544	C2H2 ZF	747	KRAB-ZNF	354	True	False	False
ZNF558	ENSG00000167785	C2H2 ZF	747	KRAB-ZNF	354	True	False	False
ZNF559	ENSG00000188321	C2H2 ZF	747	KRAB-ZNF	354	True	False	False
ZNF560	ENSG00000198028	C2H2 ZF	747	KRAB-ZNF	354	True	False	False
ZNF561	ENSG00000171469	C2H2 ZF	747	KRAB-ZNF	354	True	False	False
ZNF562	ENSG00000171466	C2H2 ZF	747	KRAB-ZNF	354	True	False	False
ZNF563	ENSG00000188868	C2H2 ZF	747	KRAB-ZNF	354	True	False	False
ZNF564	ENSG00000249709	C2H2 ZF	747	KRAB-ZNF	354	True	False	False
ZNF565	ENSG00000196357	C2H2 ZF	747	KRAB-ZNF	354	True	False	False
ZNF566	ENSG00000186017	C2H2 ZF	747	KRAB-ZNF	354	True	False	False
ZNF567	ENSG00000189042	C2H2 ZF	747	KRAB-ZNF	354	True	False	False
ZNF568	ENSG00000198453	C2H2 ZF	747	KRAB-ZNF	354	True	False	False
ZNF569	ENSG00000196437	C2H2 ZF	747	KRAB-ZNF	354	True	False	False
ZNF57	ENSG00000171970	C2H2 ZF	747	KRAB-ZNF	354	True	False	False
ZNF570	ENSG00000171827	C2H2 ZF	747	KRAB-ZNF	354	True	False	False
ZNF571	ENSG00000180479	C2H2 ZF	747	KRAB-ZNF	354	True	False	False
ZNF572	ENSG00000180938	C2H2 ZF	747	C2H2 ZF (other)	316	False	False	False
ZNF573	ENSG00000189144	C2H2 ZF	747	KRAB-ZNF	354	True	False	False
ZNF574	ENSG00000105732	C2H2 ZF	747	C2H2 ZF (other)	316	False	False	False
ZNF575	ENSG00000176472	C2H2 ZF	747	C2H2 ZF (other)	316	False	False	False
ZNF576	ENSG00000124444	C2H2 ZF	747	C2H2 ZF (other)	316	False	False	False
ZNF577	ENSG00000161551	C2H2 ZF	747	KRAB-ZNF	354	True	False	False
ZNF578	ENSG00000258405	C2H2 ZF	747	KRAB-ZNF	354	True	False	False
ZNF579	ENSG00000218891	C2H2 ZF	747	C2H2 ZF (other)	316	False	False	False
ZNF580	ENSG00000213015	C2H2 ZF	747	C2H2 ZF (other)	316	False	False	False
ZNF581	ENSG00000171425	C2H2 ZF	747	C2H2 ZF (other)	316	False	False	False
ZNF582	ENSG00000018869	C2H2 ZF	747	KRAB-ZNF	354	True	False	False
ZNF583	ENSG00000198440	C2H2 ZF	747	KRAB-ZNF	354	True	False	False
ZNF584	ENSG00000171574	C2H2 ZF	747	KRAB-ZNF	354	True	False	False
ZNF585A	ENSG00000196967	C2H2 ZF	747	KRAB-ZNF	354	True	False	False
ZNF585B	ENSG00000245680	C2H2 ZF	747	KRAB-ZNF	354	True	False	False
ZNF586	ENSG00000083828	C2H2 ZF	747	KRAB-ZNF	354	True	False	False
ZNF587	ENSG00000198466	C2H2 ZF	747	KRAB-ZNF	354	True	False	False
ZNF587B	ENSG00000269343	C2H2 ZF	747	KRAB-ZNF	354	True	False	False
ZNF589	ENSG00000164048	C2H2 ZF	747	KRAB-ZNF	354	True	False	False
ZNF592	ENSG00000166716	C2H2 ZF	747	C2H2 ZF (other)	316	False	False	False
ZNF594	ENSG00000180626	C2H2 ZF	747	C2H2 ZF (other)	316	False	False	False
ZNF595	ENSG00000272602	C2H2 ZF	747	KRAB-ZNF	354	True	False	False
ZNF596	ENSG00000172748	C2H2 ZF	747	KRAB-ZNF	354	True	False	False
ZNF597	ENSG00000167981	C2H2 ZF	747	KRAB-ZNF	354	True	False	False
ZNF598	ENSG00000167962	C2H2 ZF	747	C2H2 ZF (other)	316	False	False	False
ZNF599	ENSG00000153896	C2H2 ZF	747	KRAB-ZNF	354	True	False	False
ZNF600	ENSG00000189190	C2H2 ZF	747	C2H2 ZF (other)	316	False	False	False
ZNF605	ENSG00000196458	C2H2 ZF	747	KRAB-ZNF	354	True	False	False
ZNF606	ENSG00000166704	C2H2 ZF	747	KRAB-ZNF	354	True	False	False
ZNF607	ENSG00000198182	C2H2 ZF	747	KRAB-ZNF	354	True	False	False
ZNF608	ENSG00000168916	C2H2 ZF	747	C2H2 ZF (other)	316	False	False	False
ZNF609	ENSG00000180357	C2H2 ZF	747	C2H2 ZF (other)	316	False	False	False
ZNF610	ENSG00000167554	C2H2 ZF	747	KRAB-ZNF	354	True	False	False
ZNF611	ENSG00000213020	C2H2 ZF	747	KRAB-ZNF	354	True	False	False
ZNF613	ENSG00000176024	C2H2 ZF	747	KRAB-ZNF	354	True	False	False
ZNF614	ENSG00000142556	C2H2 ZF	747	KRAB-ZNF	354	True	False	False
ZNF615	ENSG00000197619	C2H2 ZF	747	KRAB-ZNF	354	True	False	False
ZNF616	ENSG00000204611	C2H2 ZF	747	KRAB-ZNF	354	True	False	False
ZNF618	ENSG00000157657	C2H2 ZF	747	C2H2 ZF (other)	316	False	False	False
ZNF619	ENSG00000177873	C2H2 ZF	747	C2H2 ZF (other)	316	False	False	False
ZNF620	ENSG00000177842	C2H2 ZF	747	KRAB-ZNF	354	True	False	False
ZNF621	ENSG00000172888	C2H2 ZF	747	KRAB-ZNF	354	True	False	False
ZNF623	ENSG00000183309	C2H2 ZF	747	C2H2 ZF (other)	316	False	False	False
ZNF624	ENSG00000197566	C2H2 ZF	747	KRAB-ZNF	354	True	False	False
ZNF625	ENSG00000257591	C2H2 ZF	747	C2H2 ZF (other)	316	False	False	False
ZNF626	ENSG00000188171	C2H2 ZF	747	KRAB-ZNF	354	True	False	False
ZNF627	ENSG00000198551	C2H2 ZF	747	KRAB-ZNF	354	True	False	False
ZNF628	ENSG00000197483	C2H2 ZF	747	C2H2 ZF (other)	316	False	False	False
ZNF629	ENSG00000102870	C2H2 ZF	747	C2H2 ZF (other)	316	False	False	False
ZNF630	ENSG00000221994	C2H2 ZF	747	KRAB-ZNF	354	True	False	False
ZNF639	ENSG00000121864	C2H2 ZF	747	C2H2 ZF (other)	316	False	False	False
ZNF641	ENSG00000167528	C2H2 ZF	747	KRAB-ZNF	354	True	False	False
ZNF644	ENSG00000122482	C2H2 ZF	747	C2H2 ZF (other)	316	False	False	False
ZNF645	ENSG00000175809	C2H2 ZF	747	C2H2 ZF (other)	316	False	False	False
ZNF646	ENSG00000167395	C2H2 ZF	747	C2H2 ZF (other)	316	False	False	False
ZNF648	ENSG00000179930	C2H2 ZF	747	C2H2 ZF (other)	316	False	False	False
ZNF649	ENSG00000198093	C2H2 ZF	747	KRAB-ZNF	354	True	False	False
ZNF652	ENSG00000198740	C2H2 ZF	747	C2H2 ZF (other)	316	False	False	False
ZNF654	ENSG00000175105	C2H2 ZF	747	C2H2 ZF (other)	316	False	False	False
ZNF655	ENSG00000197343	C2H2 ZF	747	C2H2 ZF (other)	316	False	False	False
ZNF658	ENSG00000274349	C2H2 ZF	747	KRAB-ZNF	354	True	False	False
ZNF66	ENSG00000160229	C2H2 ZF	747	KRAB-ZNF	354	True	False	False
ZNF660	ENSG00000144792	C2H2 ZF	747	C2H2 ZF (other)	316	False	False	False
ZNF662	ENSG00000182983	C2H2 ZF	747	KRAB-ZNF	354	True	False	False
ZNF664	ENSG00000179195	C2H2 ZF	747	C2H2 ZF (other)	316	False	False	False
ZNF665	ENSG00000197497	C2H2 ZF	747	KRAB-ZNF	354	True	False	False
ZNF667	ENSG00000198046	C2H2 ZF	747	KRAB-ZNF	354	True	False	False
ZNF668	ENSG00000167394	C2H2 ZF	747	C2H2 ZF (other)	316	False	False	False
ZNF669	ENSG00000188295	C2H2 ZF	747	KRAB-ZNF	354	True	False	False
ZNF670	ENSG00000277462	C2H2 ZF	747	KRAB-ZNF	354	True	False	False
ZNF671	ENSG00000083814	C2H2 ZF	747	KRAB-ZNF	354	True	False	False
ZNF672	ENSG00000171161	C2H2 ZF	747	C2H2 ZF (other)	316	False	False	False
ZNF674	ENSG00000251192	C2H2 ZF	747	KRAB-ZNF	354	True	False	False
ZNF675	ENSG00000197372	C2H2 ZF	747	KRAB-ZNF	354	True	False	False
ZNF676	ENSG00000196109	C2H2 ZF	747	KRAB-ZNF	354	True	False	False
ZNF677	ENSG00000197928	C2H2 ZF	747	KRAB-ZNF	354	True	False	False
ZNF678	ENSG00000181450	C2H2 ZF	747	C2H2 ZF (other)	316	False	False	False
ZNF679	ENSG00000197123	C2H2 ZF	747	KRAB-ZNF	354	True	False	False
ZNF680	ENSG00000173041	C2H2 ZF	747	KRAB-ZNF	354	True	False	False
ZNF681	ENSG00000196172	C2H2 ZF	747	KRAB-ZNF	354	True	False	False
ZNF682	ENSG00000197124	C2H2 ZF	747	KRAB-ZNF	354	True	False	False
ZNF683	ENSG00000176083	C2H2 ZF	747	C2H2 ZF (other)	316	False	False	False
ZNF684	ENSG00000117010	C2H2 ZF	747	KRAB-ZNF	354	True	False	False
ZNF687	ENSG00000143373	C2H2 ZF	747	C2H2 ZF (other)	316	False	False	False
ZNF688	ENSG00000229809	C2H2 ZF	747	KRAB-ZNF	354	True	False	False
ZNF689	ENSG00000156853	C2H2 ZF	747	KRAB-ZNF	354	True	False	False
ZNF69	ENSG00000198429	C2H2 ZF	747	KRAB-ZNF	354	True	False	False
ZNF691	ENSG00000164011	C2H2 ZF	747	C2H2 ZF (other)	316	False	False	False
ZNF692	ENSG00000171163	C2H2 ZF	747	C2H2 ZF (other)	316	False	False	False
ZNF695	ENSG00000197472	C2H2 ZF	747	KRAB-ZNF	354	True	False	False
ZNF696	ENSG00000185730	C2H2 ZF	747	C2H2 ZF (other)	316	False	False	False
ZNF697	ENSG00000143067	C2H2 ZF	747	C2H2 ZF (other)	316	False	False	False
ZNF699	ENSG00000196110	C2H2 ZF	747	KRAB-ZNF	354	True	False	False
ZNF7	ENSG00000147789	C2H2 ZF	747	KRAB-ZNF	354	True	False	False
ZNF70	ENSG00000187792	C2H2 ZF	747	C2H2 ZF (other)	316	False	False	False
ZNF700	ENSG00000196757	C2H2 ZF	747	KRAB-ZNF	354	True	False	False
ZNF701	ENSG00000167562	C2H2 ZF	747	KRAB-ZNF	354	True	False	False
ZNF703	ENSG00000183779	C2H2 ZF	747	C2H2 ZF (other)	316	False	False	False
ZNF704	ENSG00000164684	C2H2 ZF	747	C2H2 ZF (other)	316	False	False	False
ZNF705A	ENSG00000196946	C2H2 ZF	747	KRAB-ZNF	354	True	False	False
ZNF705B	ENSG00000215356	C2H2 ZF	747	KRAB-ZNF	354	True	False	False
ZNF705D	ENSG00000215343	C2H2 ZF	747	KRAB-ZNF	354	True	False	False
ZNF705E	ENSG00000214534	C2H2 ZF	747	C2H2 ZF (other)	316	False	False	False
ZNF705G	ENSG00000215372	C2H2 ZF	747	KRAB-ZNF	354	True	False	False
ZNF706	ENSG00000120963	C2H2 ZF	747	C2H2 ZF (other)	316	False	False	False
ZNF707	ENSG00000181135	C2H2 ZF	747	KRAB-ZNF	354	True	False	False
ZNF708	ENSG00000182141	C2H2 ZF	747	KRAB-ZNF	354	True	False	False
ZNF709	ENSG00000242852	C2H2 ZF	747	KRAB-ZNF	354	True	False	False
ZNF71	ENSG00000197951	C2H2 ZF	747	C2H2 ZF (other)	316	False	False	False
ZNF710	ENSG00000140548	C2H2 ZF	747	C2H2 ZF (other)	316	False	False	False
ZNF711	ENSG00000147180	C2H2 ZF	747	C2H2 ZF (other)	316	False	False	False
ZNF713	ENSG00000178665	C2H2 ZF	747	KRAB-ZNF	354	True	False	False
ZNF714	ENSG00000160352	C2H2 ZF	747	KRAB-ZNF	354	True	False	False
ZNF716	ENSG00000182111	C2H2 ZF	747	KRAB-ZNF	354	True	False	False
ZNF717	ENSG00000227124	C2H2 ZF	747	KRAB-ZNF	354	True	False	False
ZNF718	ENSG00000250312	C2H2 ZF	747	KRAB-ZNF	354	True	False	False
ZNF721	ENSG00000182903	C2H2 ZF	747	C2H2 ZF (other)	316	False	False	False
ZNF724	ENSG00000196081	C2H2 ZF	747	KRAB-ZNF	354	True	False	False
ZNF726	ENSG00000213967	C2H2 ZF	747	KRAB-ZNF	354	True	False	False
ZNF727	ENSG00000214652	C2H2 ZF	747	KRAB-ZNF	354	True	False	False
ZNF728	ENSG00000269067	C2H2 ZF	747	KRAB-ZNF	354	True	False	False
ZNF729	ENSG00000196350	C2H2 ZF	747	KRAB-ZNF	354	True	False	False
ZNF730	ENSG00000183850	C2H2 ZF	747	KRAB-ZNF	354	True	False	False
ZNF732	ENSG00000186777	C2H2 ZF	747	KRAB-ZNF	354	True	False	False
ZNF735	ENSG00000223614	C2H2 ZF	747	KRAB-ZNF	354	True	False	False
ZNF736	ENSG00000234444	C2H2 ZF	747	KRAB-ZNF	354	True	False	False
ZNF737	ENSG00000237440	C2H2 ZF	747	KRAB-ZNF	354	True	False	False
ZNF74	ENSG00000185252	C2H2 ZF	747	KRAB-ZNF	354	True	False	False
ZNF740	ENSG00000139651	C2H2 ZF	747	C2H2 ZF (other)	316	False	False	False
ZNF746	ENSG00000181220	C2H2 ZF	747	KRAB-ZNF	354	True	False	False
ZNF747	ENSG00000169955	C2H2 ZF	747	KRAB-ZNF	354	True	False	False
ZNF749	ENSG00000186230	C2H2 ZF	747	KRAB-ZNF	354	True	False	False
ZNF750	ENSG00000141579	C2H2 ZF	747	C2H2 ZF (other)	316	False	False	False
ZNF75A	ENSG00000162086	C2H2 ZF	747	KRAB-ZNF	354	True	False	False
ZNF75D	ENSG00000186376	C2H2 ZF	747	KRAB-ZNF	354	True	True	False
ZNF76	ENSG00000065029	C2H2 ZF	747	C2H2 ZF (other)	316	False	False	False
ZNF761	ENSG00000160336	C2H2 ZF	747	KRAB-ZNF	354	True	False	False
ZNF763	ENSG00000197054	C2H2 ZF	747	KRAB-ZNF	354	True	False	False
ZNF764	ENSG00000169951	C2H2 ZF	747	KRAB-ZNF	354	True	False	False
ZNF765	ENSG00000196417	C2H2 ZF	747	KRAB-ZNF	354	True	False	False
ZNF766	ENSG00000196214	C2H2 ZF	747	KRAB-ZNF	354	True	False	False
ZNF768	ENSG00000169957	C2H2 ZF	747	C2H2 ZF (other)	316	False	False	False
ZNF77	ENSG00000175691	C2H2 ZF	747	KRAB-ZNF	354	True	False	False
ZNF770	ENSG00000198146	C2H2 ZF	747	C2H2 ZF (other)	316	False	False	False
ZNF771	ENSG00000179965	C2H2 ZF	747	C2H2 ZF (other)	316	False	False	False
ZNF772	ENSG00000197128	C2H2 ZF	747	KRAB-ZNF	354	True	False	False
ZNF773	ENSG00000152439	C2H2 ZF	747	KRAB-ZNF	354	True	False	False
ZNF774	ENSG00000196391	C2H2 ZF	747	C2H2 ZF (other)	316	False	False	False
ZNF775	ENSG00000196456	C2H2 ZF	747	C2H2 ZF (other)	316	False	False	False
ZNF776	ENSG00000152443	C2H2 ZF	747	KRAB-ZNF	354	True	False	False
ZNF777	ENSG00000196453	C2H2 ZF	747	KRAB-ZNF	354	True	False	False
ZNF778	ENSG00000170100	C2H2 ZF	747	KRAB-ZNF	354	True	False	False
ZNF780A	ENSG00000197782	C2H2 ZF	747	KRAB-ZNF	354	True	False	False
ZNF780B	ENSG00000128000	C2H2 ZF	747	KRAB-ZNF	354	True	False	False
ZNF781	ENSG00000196381	C2H2 ZF	747	C2H2 ZF (other)	316	False	False	False
ZNF782	ENSG00000196597	C2H2 ZF	747	KRAB-ZNF	354	True	False	False
ZNF783	ENSG00000204946	C2H2 ZF	747	KRAB-ZNF	354	True	False	False
ZNF784	ENSG00000179922	C2H2 ZF	747	C2H2 ZF (other)	316	False	False	False
ZNF785	ENSG00000197162	C2H2 ZF	747	KRAB-ZNF	354	True	False	False
ZNF786	ENSG00000197362	C2H2 ZF	747	KRAB-ZNF	354	True	False	False
ZNF787	ENSG00000142409	C2H2 ZF	747	C2H2 ZF (other)	316	False	False	False
ZNF788	ENSG00000214189	C2H2 ZF	747	C2H2 ZF (other)	316	False	False	False
ZNF789	ENSG00000198556	C2H2 ZF	747	KRAB-ZNF	354	True	False	False
ZNF79	ENSG00000196152	C2H2 ZF	747	KRAB-ZNF	354	True	False	False
ZNF790	ENSG00000197863	C2H2 ZF	747	KRAB-ZNF	354	True	False	False
ZNF791	ENSG00000173875	C2H2 ZF	747	KRAB-ZNF	354	True	False	False
ZNF792	ENSG00000180884	C2H2 ZF	747	KRAB-ZNF	354	True	False	False
ZNF793	ENSG00000188227	C2H2 ZF	747	KRAB-ZNF	354	True	False	False
ZNF799	ENSG00000196466	C2H2 ZF	747	KRAB-ZNF	354	True	False	False
ZNF8	ENSG00000278129	C2H2 ZF	747	KRAB-ZNF	354	True	False	False
ZNF80	ENSG00000174255	C2H2 ZF	747	C2H2 ZF (other)	316	False	False	False
ZNF800	ENSG00000048405	C2H2 ZF	747	C2H2 ZF (other)	316	False	False	False
ZNF804A	ENSG00000170396	C2H2 ZF	747	C2H2 ZF (other)	316	False	False	False
ZNF804B	ENSG00000182348	C2H2 ZF	747	C2H2 ZF (other)	316	False	False	False
ZNF805	ENSG00000204524	C2H2 ZF	747	KRAB-ZNF	354	True	False	False
ZNF808	ENSG00000198482	C2H2 ZF	747	KRAB-ZNF	354	True	False	False
ZNF81	ENSG00000197779	C2H2 ZF	747	KRAB-ZNF	354	True	False	False
ZNF813	ENSG00000198346	C2H2 ZF	747	KRAB-ZNF	354	True	False	False
ZNF814	ENSG00000204514	C2H2 ZF	747	KRAB-ZNF	354	True	False	False
ZNF816	ENSG00000180257	C2H2 ZF	747	KRAB-ZNF	354	True	False	False
ZNF821	ENSG00000102984	C2H2 ZF	747	C2H2 ZF (other)	316	False	False	False
ZNF823	ENSG00000197933	C2H2 ZF	747	KRAB-ZNF	354	True	False	False
ZNF827	ENSG00000151612	C2H2 ZF	747	C2H2 ZF (other)	316	False	False	False
ZNF829	ENSG00000185869	C2H2 ZF	747	KRAB-ZNF	354	True	False	False
ZNF83	ENSG00000167766	C2H2 ZF	747	C2H2 ZF (other)	316	False	False	False
ZNF830	ENSG00000198783	C2H2 ZF	747	C2H2 ZF (other)	316	False	False	False
ZNF831	ENSG00000124203	C2H2 ZF	747	C2H2 ZF (other)	316	False	False	False
ZNF835	ENSG00000127903	C2H2 ZF	747	C2H2 ZF (other)	316	False	False	False
ZNF836	ENSG00000196267	C2H2 ZF	747	KRAB-ZNF	354	True	False	False
ZNF837	ENSG00000152475	C2H2 ZF	747	C2H2 ZF (other)	316	False	False	False
ZNF84	ENSG00000198040	C2H2 ZF	747	KRAB-ZNF	354	True	False	False
ZNF841	ENSG00000197608	C2H2 ZF	747	C2H2 ZF (other)	316	False	False	False
ZNF843	ENSG00000176723	C2H2 ZF	747	C2H2 ZF (other)	316	False	False	False
ZNF844	ENSG00000223547	C2H2 ZF	747	KRAB-ZNF	354	True	False	False
ZNF845	ENSG00000213799	C2H2 ZF	747	KRAB-ZNF	354	True	False	False
ZNF846	ENSG00000196605	C2H2 ZF	747	KRAB-ZNF	354	True	False	False
ZNF85	ENSG00000105750	C2H2 ZF	747	KRAB-ZNF	354	True	False	False
ZNF850	ENSG00000267041	C2H2 ZF	747	KRAB-ZNF	354	True	False	False
ZNF852	ENSG00000178917	C2H2 ZF	747	KRAB-ZNF	354	True	False	False
ZNF853	ENSG00000236609	C2H2 ZF	747	C2H2 ZF (other)	316	False	False	False
ZNF860	ENSG00000197385	C2H2 ZF	747	KRAB-ZNF	354	True	False	False
ZNF865	ENSG00000261221	C2H2 ZF	747	C2H2 ZF (other)	316	False	False	False
ZNF878	ENSG00000257446	C2H2 ZF	747	KRAB-ZNF	354	True	False	False
ZNF879	ENSG00000234284	C2H2 ZF	747	KRAB-ZNF	354	True	False	False
ZNF880	ENSG00000221923	C2H2 ZF	747	KRAB-ZNF	354	True	False	False
ZNF883	ENSG00000228623	C2H2 ZF	747	C2H2 ZF (other)	316	False	False	False
ZNF888	ENSG00000213793	C2H2 ZF	747	KRAB-ZNF	354	True	False	False
ZNF891	ENSG00000214029	C2H2 ZF	747	KRAB-ZNF	354	True	False	False
ZNF90	ENSG00000213988	C2H2 ZF	747	KRAB-ZNF	354	True	False	False
ZNF91	ENSG00000167232	C2H2 ZF	747	KRAB-ZNF	354	True	False	False
ZNF92	ENSG00000146757	C2H2 ZF	747	KRAB-ZNF	354	True	False	False
ZNF93	ENSG00000184635	C2H2 ZF	747	KRAB-ZNF	354	True	False	False
ZNF98	ENSG00000197360	C2H2 ZF	747	KRAB-ZNF	354	True	False	False
ZNF99	ENSG00000213973	C2H2 ZF	747	KRAB-ZNF	354	True	False	False
ZSCAN1	ENSG00000152467	C2H2 ZF	747	SCAN-ZNF	30	False	True	False
ZSCAN10	ENSG00000130182	C2H2 ZF	747	SCAN-ZNF	30	False	True	False
ZSCAN12	ENSG00000158691	C2H2 ZF	747	SCAN-ZNF	30	False	True	False
ZSCAN16	ENSG00000196812	C2H2 ZF	747	SCAN-ZNF	30	False	True	False
ZSCAN18	ENSG00000121413	C2H2 ZF	747	SCAN-ZNF	30	False	True	False
ZSCAN2	ENSG00000176371	C2H2 ZF	747	SCAN-ZNF	30	False	True	False
ZSCAN20	ENSG00000121903	C2H2 ZF	747	SCAN-ZNF	30	False	True	False
ZSCAN21	ENSG00000166529	C2H2 ZF	747	SCAN-ZNF	30	False	True	False
ZSCAN22	ENSG00000182318	C2H2 ZF	747	SCAN-ZNF	30	False	True	False
ZSCAN23	ENSG00000187987	C2H2 ZF	747	SCAN-ZNF	30	False	True	False
ZSCAN25	ENSG00000197037	C2H2 ZF	747	KRAB-ZNF	354	True	True	False
ZSCAN26	ENSG00000197062	C2H2 ZF	747	SCAN-ZNF	30	False	True	False
ZSCAN29	ENSG00000140265	C2H2 ZF	747	SCAN-ZNF	30	False	True	False
ZSCAN30	ENSG00000186814	C2H2 ZF	747	SCAN-ZNF	30	False	True	False
ZSCAN31	ENSG00000235109	C2H2 ZF	747	SCAN-ZNF	30	False	True	False
ZSCAN32	ENSG00000140987	C2H2 ZF	747	SCAN-ZNF	30	False	True	False
ZSCAN4	ENSG00000180532	C2H2 ZF	747	SCAN-ZNF	30	False	True	False
ZSCAN5A	ENSG00000131848	C2H2 ZF	747	SCAN-ZNF	30	False	True	False
ZSCAN5B	ENSG00000197213	C2H2 ZF	747	SCAN-ZNF	30	False	True	False
ZSCAN5C	ENSG00000204532	C2H2 ZF	747	SCAN-ZNF	30	False	True	False
ZSCAN9	ENSG00000137185	C2H2 ZF	747	SCAN-ZNF	30	False	True	False
ZUFSP	ENSG00000153975	C2H2 ZF	747	C2H2 ZF (other)	316	False	False	False
ZXDA	ENSG00000198205	C2H2 ZF	747	C2H2 ZF (other)	316	False	False	False
ZXDB	ENSG00000198455	C2H2 ZF	747	C2H2 ZF (other)	316	False	False	False
ZXDC	ENSG00000070476	C2H2 ZF	747	C2H2 ZF (other)	316	False	False	False
PATZ1	ENSG00000100105	C2H2 ZF; AT hook	4	C2H2 ZF; AT hook	4			
ZBTB24	ENSG00000112365	C2H2 ZF; AT hook	4	C2H2 ZF; AT hook	4			
ZNF524	ENSG00000171443	C2H2 ZF; AT hook	4	C2H2 ZF; AT hook	4			
ZNF653	ENSG00000161914	C2H2 ZF; AT hook	4	C2H2 ZF; AT hook	4			
ZNF277	ENSG00000198839	C2H2 ZF; BED ZF	2	C2H2 ZF; BED ZF	2			
ZNF512	ENSG00000243943	C2H2 ZF; BED ZF	2	C2H2 ZF; BED ZF	2			
ZEB1	ENSG00000148516	C2H2 ZF; Homeodomain	4	C2H2 ZF; Homeodomain	4			
ZEB2	ENSG00000169554	C2H2 ZF; Homeodomain	4	C2H2 ZF; Homeodomain	4			
ZFHX3	ENSG00000140836	C2H2 ZF; Homeodomain	4	C2H2 ZF; Homeodomain	4			
ZFHX4	ENSG00000091656	C2H2 ZF; Homeodomain	4	C2H2 ZF; Homeodomain	4			
TRERF1	ENSG00000124496	C2H2 ZF; Myb/SANT	2	C2H2 ZF; Myb/SANT	2			
ZNF541	ENSG00000118156	C2H2 ZF; Myb/SANT	2	C2H2 ZF; Myb/SANT	2			
MBNL2	ENSG00000139793	CCCH ZF	3	CCCH ZF	3			
ZC3H8	ENSG00000144161	CCCH ZF	3	CCCH ZF	3			
ZGPAT	ENSG00000197114	CCCH ZF	3	CCCH ZF	3			
CENPB	ENSG00000125817	CENPB	11	CENPB	11			
CENPBD1	ENSG00000177946	CENPB	11	CENPB	11			
JRK	ENSG00000234616	CENPB	11	CENPB	11			
JRKL	ENSG00000183340	CENPB	11	CENPB	11			
TIGD1	ENSG00000221944	CENPB	11	CENPB	11			
TIGD2	ENSG00000180346	CENPB	11	CENPB	11			
TIGD3	ENSG00000173825	CENPB	11	CENPB	11			
TIGD4	ENSG00000169989	CENPB	11	CENPB	11			
TIGD5	ENSG00000179886	CENPB	11	CENPB	11			
TIGD6	ENSG00000164296	CENPB	11	CENPB	11			
TIGD7	ENSG00000140993	CENPB	11	CENPB	11			
CAMTA1	ENSG00000171735	CG-1	2	CG-1	2			
CAMTA2	ENSG00000108509	CG-1	2	CG-1	2			
RBPJ	ENSG00000168214	CSL	2	CSL	2			
RBPJL	ENSG00000124232	CSL	2	CSL	2			
CUX1	ENSG00000257923	CUT; Homeodomain	7	CUT; Homeodomain	7			
CUX2	ENSG00000111249	CUT; Homeodomain	7	CUT; Homeodomain	7			
ONECUT1	ENSG00000169856	CUT; Homeodomain	7	CUT; Homeodomain	7			
ONECUT2	ENSG00000119547	CUT; Homeodomain	7	CUT; Homeodomain	7			
ONECUT3	ENSG00000205922	CUT; Homeodomain	7	CUT; Homeodomain	7			
SATB1	ENSG00000182568	CUT; Homeodomain	7	CUT; Homeodomain	7			
SATB2	ENSG00000119042	CUT; Homeodomain	7	CUT; Homeodomain	7			
CXXC1	ENSG00000154832	CxxC	9	CxxC	9			
CXXC4	ENSG00000168772	CxxC	9	CxxC	9			
CXXC5	ENSG00000171604	CxxC	9	CxxC	9			
DNMT1	ENSG00000130816	CxxC	9	CxxC	9			
FBXL19	ENSG00000099364	CxxC	9	CxxC	9			
KDM2A	ENSG00000173120	CxxC	9	CxxC	9			
KDM2B	ENSG00000089094	CxxC	9	CxxC	9			
TET1	ENSG00000138336	CxxC	9	CxxC	9			
TET3	ENSG00000187605	CxxC	9	CxxC	9			
KMT2A	ENSG00000118058	CxxC; AT hook	2	CxxC; AT hook	2			
KMT2B	ENSG00000272333	CxxC; AT hook	2	CxxC; AT hook	2			
DMRT1	ENSG00000137090	DM	7	DM	7			
DMRT2	ENSG00000173253	DM	7	DM	7			
DMRT3	ENSG00000064218	DM	7	DM	7			
DMRTA1	ENSG00000176399	DM	7	DM	7			
DMRTA2	ENSG00000142700	DM	7	DM	7			
DMRTB1	ENSG00000143006	DM	7	DM	7			
DMRTC2	ENSG00000142025	DM	7	DM	7			
E2F1	ENSG00000101412	E2F	11	E2F	11			
E2F2	ENSG00000007968	E2F	11	E2F	11			
E2F3	ENSG00000112242	E2F	11	E2F	11			
E2F4	ENSG00000205250	E2F	11	E2F	11			
E2F5	ENSG00000133740	E2F	11	E2F	11			
E2F6	ENSG00000169016	E2F	11	E2F	11			
E2F7	ENSG00000165891	E2F	11	E2F	11			
E2F8	ENSG00000129173	E2F	11	E2F	11			
TFDP1	ENSG00000198176	E2F	11	E2F	11			
TFDP2	ENSG00000114126	E2F	11	E2F	11			
TFDP3	ENSG00000183434	E2F	11	E2F	11			
EBF1	ENSG00000164330	EBF1	4	EBF1	4			
EBF2	ENSG00000221818	EBF1	4	EBF1	4			
EBF3	ENSG00000108001	EBF1	4	EBF1	4			
EBF4	ENSG00000088881	EBF1	4	EBF1	4			
EHF	ENSG00000135373	Ets	27	Ets	27			
ELF1	ENSG00000120690	Ets	27	Ets	27			
ELF2	ENSG00000109381	Ets	27	Ets	27			
ELF4	ENSG00000102034	Ets	27	Ets	27			
ELF5	ENSG00000135374	Ets	27	Ets	27			
ELK1	ENSG00000126767	Ets	27	Ets	27			
ELK3	ENSG00000111145	Ets	27	Ets	27			
ELK4	ENSG00000158711	Ets	27	Ets	27			
ERF	ENSG00000105722	Ets	27	Ets	27			
ERG	ENSG00000157554	Ets	27	Ets	27			
ETS1	ENSG00000134954	Ets	27	Ets	27			
ETS2	ENSG00000157557	Ets	27	Ets	27			
ETV1	ENSG00000006468	Ets	27	Ets	27			
ETV2	ENSG00000105672	Ets	27	Ets	27			
ETV3	ENSG00000117036	Ets	27	Ets	27			
ETV3L	ENSG00000253831	Ets	27	Ets	27			
ETV4	ENSG00000175832	Ets	27	Ets	27			
ETV5	ENSG00000244405	Ets	27	Ets	27			
ETV6	ENSG00000139083	Ets	27	Ets	27			
ETV7	ENSG00000010030	Ets	27	Ets	27			
FEV	ENSG00000163497	Ets	27	Ets	27			
FLI1	ENSG00000151702	Ets	27	Ets	27			
GABPA	ENSG00000154727	Ets	27	Ets	27			
SPDEF	ENSG00000124664	Ets	27	Ets	27			
SPI1	ENSG00000066336	Ets	27	Ets	27			
SPIB	ENSG00000269404	Ets	27	Ets	27			
SPIC	ENSG00000166211	Ets	27	Ets	27			
FOXA1	ENSG00000129514	Forkhead	49	Forkhead	49			
FOXA2	ENSG00000125798	Forkhead	49	Forkhead	49			
FOXA3	ENSG00000170608	Forkhead	49	Forkhead	49			
FOXB1	ENSG00000171956	Forkhead	49	Forkhead	49			
FOXB2	ENSG00000204612	Forkhead	49	Forkhead	49			
FOXC1	ENSG00000054598	Forkhead	49	Forkhead	49			
FOXC2	ENSG00000176692	Forkhead	49	Forkhead	49			
FOXD1	ENSG00000251493	Forkhead	49	Forkhead	49			
FOXD2	ENSG00000186564	Forkhead	49	Forkhead	49			
FOXD3	ENSG00000187140	Forkhead	49	Forkhead	49			
FOXD4	ENSG00000170122	Forkhead	49	Forkhead	49			
FOXD4L1	ENSG00000184492	Forkhead	49	Forkhead	49			
FOXD4L3	ENSG00000187559	Forkhead	49	Forkhead	49			
FOXD4L4	ENSG00000184659	Forkhead	49	Forkhead	49			
FOXD4L5	ENSG00000204779	Forkhead	49	Forkhead	49			
FOXD4L6	ENSG00000273514	Forkhead	49	Forkhead	49			
FOXE1	ENSG00000178919	Forkhead	49	Forkhead	49			
FOXE3	ENSG00000186790	Forkhead	49	Forkhead	49			
FOXF1	ENSG00000103241	Forkhead	49	Forkhead	49			
FOXF2	ENSG00000137273	Forkhead	49	Forkhead	49			
FOXG1	ENSG00000176165	Forkhead	49	Forkhead	49			
FOXH1	ENSG00000160973	Forkhead	49	Forkhead	49			
FOXI1	ENSG00000168269	Forkhead	49	Forkhead	49			
FOXI2	ENSG00000186766	Forkhead	49	Forkhead	49			
FOXI3	ENSG00000214336	Forkhead	49	Forkhead	49			
FOXJ1	ENSG00000129654	Forkhead	49	Forkhead	49			
FOXJ2	ENSG00000065970	Forkhead	49	Forkhead	49			
FOXJ3	ENSG00000198815	Forkhead	49	Forkhead	49			
FOXK1	ENSG00000164916	Forkhead	49	Forkhead	49			
FOXK2	ENSG00000141568	Forkhead	49	Forkhead	49			
FOXL1	ENSG00000176678	Forkhead	49	Forkhead	49			
FOXL2	ENSG00000183770	Forkhead	49	Forkhead	49			
FOXM1	ENSG00000111206	Forkhead	49	Forkhead	49			
FOXN1	ENSG00000109101	Forkhead	49	Forkhead	49			
FOXN2	ENSG00000170802	Forkhead	49	Forkhead	49			
FOXN3	ENSG00000053254	Forkhead	49	Forkhead	49			
FOXN4	ENSG00000139445	Forkhead	49	Forkhead	49			
FOXO1	ENSG00000150907	Forkhead	49	Forkhead	49			
FOXO3	ENSG00000118689	Forkhead	49	Forkhead	49			
FOXO4	ENSG00000184481	Forkhead	49	Forkhead	49			
FOXO6	ENSG00000204060	Forkhead	49	Forkhead	49			
FOXP1	ENSG00000114861	Forkhead	49	Forkhead	49			
FOXP2	ENSG00000128573	Forkhead	49	Forkhead	49			
FOXP3	ENSG00000049768	Forkhead	49	Forkhead	49			
FOXP4	ENSG00000137166	Forkhead	49	Forkhead	49			
FOXQ1	ENSG00000164379	Forkhead	49	Forkhead	49			
FOXR1	ENSG00000176302	Forkhead	49	Forkhead	49			
FOXR2	ENSG00000189299	Forkhead	49	Forkhead	49			
FOXS1	ENSG00000179772	Forkhead	49	Forkhead	49			
GATA1	ENSG00000102145	GATA	10	GATA	10			
GATA2	ENSG00000179348	GATA	10	GATA	10			
GATA3	ENSG00000107485	GATA	10	GATA	10			
GATA4	ENSG00000136574	GATA	10	GATA	10			
GATA5	ENSG00000130700	GATA	10	GATA	10			
GATA6	ENSG00000141448	GATA	10	GATA	10			
GATAD2A	ENSG00000167491	GATA	10	GATA	10			
GATAD2B	ENSG00000143614	GATA	10	GATA	10			
TRPS1	ENSG00000104447	GATA	10	GATA	10			
ZGLP1	ENSG00000220201	GATA	10	GATA	10			
GCM1	ENSG00000137270	GCM	2	GCM	2			
GCM2	ENSG00000124827	GCM	2	GCM	2			
GTF2I	ENSG00000263001	GTF2I-like	4	GTF2I-like	4			
GTF2IRD1	ENSG00000006704	GTF2I-like	4	GTF2I-like	4			
GTF2IRD2	ENSG00000196275	GTF2I-like	4	GTF2I-like	4			
GTF2IRD2B	ENSG00000174428	GTF2I-like	4	GTF2I-like	4			
GRHL1	ENSG00000134317	Grainyhead	6	Grainyhead	6			
GRHL2	ENSG00000083307	Grainyhead	6	Grainyhead	6			
GRHL3	ENSG00000158055	Grainyhead	6	Grainyhead	6			
TFCP2	ENSG00000135457	Grainyhead	6	Grainyhead	6			
TFCP2L1	ENSG00000115112	Grainyhead	6	Grainyhead	6			
UBP1	ENSG00000153560	Grainyhead	6	Grainyhead	6			
BBX	ENSG00000114439	HMG/Sox	30	HMG/Sox	30			
CIC	ENSG00000079432	HMG/Sox	30	HMG/Sox	30			
HBP1	ENSG00000105856	HMG/Sox	30	HMG/Sox	30			
HMG20A	ENSG00000140382	HMG/Sox	30	HMG/Sox	30			
HMG20B	ENSG00000064961	HMG/Sox	30	HMG/Sox	30			
HMGN3	ENSG00000118418	HMG/Sox	30	HMG/Sox	30			
LEF1	ENSG00000138795	HMG/Sox	30	HMG/Sox	30			
SOX1	ENSG00000182968	HMG/Sox	30	HMG/Sox	30			
SOX10	ENSG00000100146	HMG/Sox	30	HMG/Sox	30			
SOX11	ENSG00000176887	HMG/Sox	30	HMG/Sox	30			
SOX12	ENSG00000177732	HMG/Sox	30	HMG/Sox	30			
SOX13	ENSG00000143842	HMG/Sox	30	HMG/Sox	30			
SOX14	ENSG00000168875	HMG/Sox	30	HMG/Sox	30			
SOX15	ENSG00000129194	HMG/Sox	30	HMG/Sox	30			
SOX17	ENSG00000164736	HMG/Sox	30	HMG/Sox	30			
SOX18	ENSG00000203883	HMG/Sox	30	HMG/Sox	30			
SOX2	ENSG00000181449	HMG/Sox	30	HMG/Sox	30			
SOX21	ENSG00000125285	HMG/Sox	30	HMG/Sox	30			
SOX3	ENSG00000134595	HMG/Sox	30	HMG/Sox	30			
SOX30	ENSG00000039600	HMG/Sox	30	HMG/Sox	30			
SOX4	ENSG00000124766	HMG/Sox	30	HMG/Sox	30			
SOX5	ENSG00000134532	HMG/Sox	30	HMG/Sox	30			
SOX6	ENSG00000110693	HMG/Sox	30	HMG/Sox	30			
SOX7	ENSG00000171056	HMG/Sox	30	HMG/Sox	30			
SOX8	ENSG00000005513	HMG/Sox	30	HMG/Sox	30			
SOX9	ENSG00000125398	HMG/Sox	30	HMG/Sox	30			
SRY	ENSG00000184895	HMG/Sox	30	HMG/Sox	30			
TCF7	ENSG00000081059	HMG/Sox	30	HMG/Sox	30			
TCF7L1	ENSG00000152284	HMG/Sox	30	HMG/Sox	30			
TCF7L2	ENSG00000148737	HMG/Sox	30	HMG/Sox	30			
HSF1	ENSG00000185122	HSF	8	HSF	8			
HSF2	ENSG00000025156	HSF	8	HSF	8			
HSF4	ENSG00000102878	HSF	8	HSF	8			
HSF5	ENSG00000176160	HSF	8	HSF	8			
HSFX1	ENSG00000171116	HSF	8	HSF	8			
HSFX2	ENSG00000268738	HSF	8	HSF	8			
HSFY1	ENSG00000172468	HSF	8	HSF	8			
HSFY2	ENSG00000169953	HSF	8	HSF	8			
ADNP	ENSG00000101126	Homeodomain	196	Homeodomain	196			
ADNP2	ENSG00000101544	Homeodomain	196	Homeodomain	196			
ALX1	ENSG00000180318	Homeodomain	196	Homeodomain	196			
ALX3	ENSG00000156150	Homeodomain	196	Homeodomain	196			
ALX4	ENSG00000052850	Homeodomain	196	Homeodomain	196			
ANHX	ENSG00000227059	Homeodomain	196	Homeodomain	196			
ARGFX	ENSG00000186103	Homeodomain	196	Homeodomain	196			
ARX	ENSG00000004848	Homeodomain	196	Homeodomain	196			
BARHL1	ENSG00000125492	Homeodomain	196	Homeodomain	196			
BARHL2	ENSG00000143032	Homeodomain	196	Homeodomain	196			
BARX1	ENSG00000131668	Homeodomain	196	Homeodomain	196			
BARX2	ENSG00000043039	Homeodomain	196	Homeodomain	196			
BSX	ENSG00000188909	Homeodomain	196	Homeodomain	196			
CDX1	ENSG00000113722	Homeodomain	196	Homeodomain	196			
CDX2	ENSG00000165556	Homeodomain	196	Homeodomain	196			
CDX4	ENSG00000131264	Homeodomain	196	Homeodomain	196			
CRX	ENSG00000105392	Homeodomain	196	Homeodomain	196			
DBX1	ENSG00000109851	Homeodomain	196	Homeodomain	196			
DBX2	ENSG00000185610	Homeodomain	196	Homeodomain	196			
DLX1	ENSG00000144355	Homeodomain	196	Homeodomain	196			
DLX2	ENSG00000115844	Homeodomain	196	Homeodomain	196			
DLX3	ENSG00000064195	Homeodomain	196	Homeodomain	196			
DLX4	ENSG00000108813	Homeodomain	196	Homeodomain	196			
DLX5	ENSG00000105880	Homeodomain	196	Homeodomain	196			
DLX6	ENSG00000006377	Homeodomain	196	Homeodomain	196			
DMBX1	ENSG00000197587	Homeodomain	196	Homeodomain	196			
DPRX	ENSG00000204595	Homeodomain	196	Homeodomain	196			
DRGX	ENSG00000165606	Homeodomain	196	Homeodomain	196			
DUX1	DUX1_HUMAN	Homeodomain	196	Homeodomain	196			
DUX3	DUX3_HUMAN	Homeodomain	196	Homeodomain	196			
DUX4	ENSG00000260596	Homeodomain	196	Homeodomain	196			
DUXA	ENSG00000258873	Homeodomain	196	Homeodomain	196			
EMX1	ENSG00000135638	Homeodomain	196	Homeodomain	196			
EMX2	ENSG00000170370	Homeodomain	196	Homeodomain	196			
EN1	ENSG00000163064	Homeodomain	196	Homeodomain	196			
EN2	ENSG00000164778	Homeodomain	196	Homeodomain	196			
ESX1	ENSG00000123576	Homeodomain	196	Homeodomain	196			
EVX1	ENSG00000106038	Homeodomain	196	Homeodomain	196			
EVX2	ENSG00000174279	Homeodomain	196	Homeodomain	196			
GBX1	ENSG00000164900	Homeodomain	196	Homeodomain	196			
GBX2	ENSG00000168505	Homeodomain	196	Homeodomain	196			
GSC	ENSG00000133937	Homeodomain	196	Homeodomain	196			
GSC2	ENSG00000063515	Homeodomain	196	Homeodomain	196			
GSX1	ENSG00000169840	Homeodomain	196	Homeodomain	196			
GSX2	ENSG00000180613	Homeodomain	196	Homeodomain	196			
HDX	ENSG00000165259	Homeodomain	196	Homeodomain	196			
HESX1	ENSG00000163666	Homeodomain	196	Homeodomain	196			
HHEX	ENSG00000152804	Homeodomain	196	Homeodomain	196			
HLX	ENSG00000136630	Homeodomain	196	Homeodomain	196			
HMBOX1	ENSG00000147421	Homeodomain	196	Homeodomain	196			
HMX1	ENSG00000215612	Homeodomain	196	Homeodomain	196			
HMX2	ENSG00000188816	Homeodomain	196	Homeodomain	196			
HMX3	ENSG00000188620	Homeodomain	196	Homeodomain	196			
HNF1A	ENSG00000135100	Homeodomain	196	Homeodomain	196			
HNF1B	ENSG00000275410	Homeodomain	196	Homeodomain	196			
HOMEZ	ENSG00000215271	Homeodomain	196	Homeodomain	196			
HOXA1	ENSG00000105991	Homeodomain	196	Homeodomain	196			
HOXA10	ENSG00000253293	Homeodomain	196	Homeodomain	196			
HOXA11	ENSG00000005073	Homeodomain	196	Homeodomain	196			
HOXA13	ENSG00000106031	Homeodomain	196	Homeodomain	196			
HOXA2	ENSG00000105996	Homeodomain	196	Homeodomain	196			
HOXA3	ENSG00000105997	Homeodomain	196	Homeodomain	196			
HOXA4	ENSG00000197576	Homeodomain	196	Homeodomain	196			
HOXA5	ENSG00000106004	Homeodomain	196	Homeodomain	196			
HOXA6	ENSG00000106006	Homeodomain	196	Homeodomain	196			
HOXA7	ENSG00000122592	Homeodomain	196	Homeodomain	196			
HOXA9	ENSG00000078399	Homeodomain	196	Homeodomain	196			
HOXB1	ENSG00000120094	Homeodomain	196	Homeodomain	196			
HOXB13	ENSG00000159184	Homeodomain	196	Homeodomain	196			
HOXB2	ENSG00000173917	Homeodomain	196	Homeodomain	196			
HOXB3	ENSG00000120093	Homeodomain	196	Homeodomain	196			
HOXB4	ENSG00000182742	Homeodomain	196	Homeodomain	196			
HOXB5	ENSG00000120075	Homeodomain	196	Homeodomain	196			
HOXB6	ENSG00000108511	Homeodomain	196	Homeodomain	196			
HOXB7	ENSG00000260027	Homeodomain	196	Homeodomain	196			
HOXB8	ENSG00000120068	Homeodomain	196	Homeodomain	196			
HOXB9	ENSG00000170689	Homeodomain	196	Homeodomain	196			
HOXC10	ENSG00000180818	Homeodomain	196	Homeodomain	196			
HOXC11	ENSG00000123388	Homeodomain	196	Homeodomain	196			
HOXC12	ENSG00000123407	Homeodomain	196	Homeodomain	196			
HOXC13	ENSG00000123364	Homeodomain	196	Homeodomain	196			
HOXC4	ENSG00000198353	Homeodomain	196	Homeodomain	196			
HOXC5	ENSG00000172789	Homeodomain	196	Homeodomain	196			
HOXC6	ENSG00000197757	Homeodomain	196	Homeodomain	196			
HOXC8	ENSG00000037965	Homeodomain	196	Homeodomain	196			
HOXC9	ENSG00000180806	Homeodomain	196	Homeodomain	196			
HOXD1	ENSG00000128645	Homeodomain	196	Homeodomain	196			
HOXD10	ENSG00000128710	Homeodomain	196	Homeodomain	196			
HOXD11	ENSG00000128713	Homeodomain	196	Homeodomain	196			
HOXD12	ENSG00000170178	Homeodomain	196	Homeodomain	196			
HOXD13	ENSG00000128714	Homeodomain	196	Homeodomain	196			
HOXD3	ENSG00000128652	Homeodomain	196	Homeodomain	196			
HOXD4	ENSG00000170166	Homeodomain	196	Homeodomain	196			
HOXD8	ENSG00000175879	Homeodomain	196	Homeodomain	196			
HOXD9	ENSG00000128709	Homeodomain	196	Homeodomain	196			
IRX1	ENSG00000170549	Homeodomain	196	Homeodomain	196			
IRX2	ENSG00000170561	Homeodomain	196	Homeodomain	196			
IRX3	ENSG00000177508	Homeodomain	196	Homeodomain	196			
IRX4	ENSG00000113430	Homeodomain	196	Homeodomain	196			
IRX5	ENSG00000176842	Homeodomain	196	Homeodomain	196			
IRX6	ENSG00000159387	Homeodomain	196	Homeodomain	196			
ISL1	ENSG00000016082	Homeodomain	196	Homeodomain	196			
ISL2	ENSG00000159556	Homeodomain	196	Homeodomain	196			
ISX	ENSG00000175329	Homeodomain	196	Homeodomain	196			
LBX1	ENSG00000138136	Homeodomain	196	Homeodomain	196			
LBX2	ENSG00000179528	Homeodomain	196	Homeodomain	196			
LEUTX	ENSG00000213921	Homeodomain	196	Homeodomain	196			
LHX1	ENSG00000273706	Homeodomain	196	Homeodomain	196			
LHX2	ENSG00000106689	Homeodomain	196	Homeodomain	196			
LHX3	ENSG00000107187	Homeodomain	196	Homeodomain	196			
LHX4	ENSG00000121454	Homeodomain	196	Homeodomain	196			
LHX5	ENSG00000089116	Homeodomain	196	Homeodomain	196			
LHX6	ENSG00000106852	Homeodomain	196	Homeodomain	196			
LHX8	ENSG00000162624	Homeodomain	196	Homeodomain	196			
LHX9	ENSG00000143355	Homeodomain	196	Homeodomain	196			
LMX1A	ENSG00000162761	Homeodomain	196	Homeodomain	196			
LMX1B	ENSG00000136944	Homeodomain	196	Homeodomain	196			
MEIS1	ENSG00000143995	Homeodomain	196	Homeodomain	196			
MEIS2	ENSG00000134138	Homeodomain	196	Homeodomain	196			
MEIS3	ENSG00000105419	Homeodomain	196	Homeodomain	196			
MEOX1	ENSG00000005102	Homeodomain	196	Homeodomain	196			
MEOX2	ENSG00000106511	Homeodomain	196	Homeodomain	196			
MIXL1	ENSG00000185155	Homeodomain	196	Homeodomain	196			
MKX	ENSG00000150051	Homeodomain	196	Homeodomain	196			
MNX1	ENSG00000130675	Homeodomain	196	Homeodomain	196			
MSX1	ENSG00000163132	Homeodomain	196	Homeodomain	196			
MSX2	ENSG00000120149	Homeodomain	196	Homeodomain	196			
NANOG	ENSG00000111704	Homeodomain	196	Homeodomain	196			
NANOGNB	ENSG00000205857	Homeodomain	196	Homeodomain	196			
NANOGP8	ENSG00000255192	Homeodomain	196	Homeodomain	196			
NKX1-1	ENSG00000235608	Homeodomain	196	Homeodomain	196			
NKX1-2	ENSG00000229544	Homeodomain	196	Homeodomain	196			
NKX2-1	ENSG00000136352	Homeodomain	196	Homeodomain	196			
NKX2-2	ENSG00000125820	Homeodomain	196	Homeodomain	196			
NKX2-3	ENSG00000119919	Homeodomain	196	Homeodomain	196			
NKX2-4	ENSG00000125816	Homeodomain	196	Homeodomain	196			
NKX2-5	ENSG00000183072	Homeodomain	196	Homeodomain	196			
NKX2-6	ENSG00000180053	Homeodomain	196	Homeodomain	196			
NKX2-8	ENSG00000136327	Homeodomain	196	Homeodomain	196			
NKX3-1	ENSG00000167034	Homeodomain	196	Homeodomain	196			
NKX3-2	ENSG00000109705	Homeodomain	196	Homeodomain	196			
NKX6-1	ENSG00000163623	Homeodomain	196	Homeodomain	196			
NKX6-2	ENSG00000148826	Homeodomain	196	Homeodomain	196			
NKX6-3	ENSG00000165066	Homeodomain	196	Homeodomain	196			
NOBOX	ENSG00000106410	Homeodomain	196	Homeodomain	196			
NOTO	ENSG00000214513	Homeodomain	196	Homeodomain	196			
OTP	ENSG00000171540	Homeodomain	196	Homeodomain	196			
OTX1	ENSG00000115507	Homeodomain	196	Homeodomain	196			
OTX2	ENSG00000165588	Homeodomain	196	Homeodomain	196			
PBX1	ENSG00000185630	Homeodomain	196	Homeodomain	196			
PBX2	ENSG00000204304	Homeodomain	196	Homeodomain	196			
PBX3	ENSG00000167081	Homeodomain	196	Homeodomain	196			
PBX4	ENSG00000105717	Homeodomain	196	Homeodomain	196			
PDX1	ENSG00000139515	Homeodomain	196	Homeodomain	196			
PHOX2A	ENSG00000165462	Homeodomain	196	Homeodomain	196			
PHOX2B	ENSG00000109132	Homeodomain	196	Homeodomain	196			
PITX1	ENSG00000069011	Homeodomain	196	Homeodomain	196			
PITX2	ENSG00000164093	Homeodomain	196	Homeodomain	196			
PITX3	ENSG00000107859	Homeodomain	196	Homeodomain	196			
PKNOX1	ENSG00000160199	Homeodomain	196	Homeodomain	196			
PKNOX2	ENSG00000165495	Homeodomain	196	Homeodomain	196			
PROP1	ENSG00000175325	Homeodomain	196	Homeodomain	196			
PRRX1	ENSG00000116132	Homeodomain	196	Homeodomain	196			
PRRX2	ENSG00000167157	Homeodomain	196	Homeodomain	196			
RAX	ENSG00000134438	Homeodomain	196	Homeodomain	196			
RAX2	ENSG00000173976	Homeodomain	196	Homeodomain	196			
RHOXF1	ENSG00000101883	Homeodomain	196	Homeodomain	196			
RHOXF2	ENSG00000131721	Homeodomain	196	Homeodomain	196			
RHOXF2B	ENSG00000203989	Homeodomain	196	Homeodomain	196			
SEBOX	ENSG00000274529	Homeodomain	196	Homeodomain	196			
SHOX	ENSG00000185960	Homeodomain	196	Homeodomain	196			
SHOX2	ENSG00000168779	Homeodomain	196	Homeodomain	196			
SIX1	ENSG00000126778	Homeodomain	196	Homeodomain	196			
SIX2	ENSG00000170577	Homeodomain	196	Homeodomain	196			
SIX3	ENSG00000138083	Homeodomain	196	Homeodomain	196			
SIX4	ENSG00000100625	Homeodomain	196	Homeodomain	196			
SIX5	ENSG00000177045	Homeodomain	196	Homeodomain	196			
SIX6	ENSG00000184302	Homeodomain	196	Homeodomain	196			
TGIF1	ENSG00000177426	Homeodomain	196	Homeodomain	196			
TGIF2	ENSG00000118707	Homeodomain	196	Homeodomain	196			
TGIF2LX	ENSG00000153779	Homeodomain	196	Homeodomain	196			
TGIF2LY	ENSG00000176679	Homeodomain	196	Homeodomain	196			
TLX1	ENSG00000107807	Homeodomain	196	Homeodomain	196			
TLX2	ENSG00000115297	Homeodomain	196	Homeodomain	196			
TLX3	ENSG00000164438	Homeodomain	196	Homeodomain	196			
TPRX1	ENSG00000178928	Homeodomain	196	Homeodomain	196			
UNCX	ENSG00000164853	Homeodomain	196	Homeodomain	196			
VAX1	ENSG00000148704	Homeodomain	196	Homeodomain	196			
VAX2	ENSG00000116035	Homeodomain	196	Homeodomain	196			
VENTX	ENSG00000151650	Homeodomain	196	Homeodomain	196			
VSX1	ENSG00000100987	Homeodomain	196	Homeodomain	196			
VSX2	ENSG00000119614	Homeodomain	196	Homeodomain	196			
ZFHX2	ENSG00000136367	Homeodomain	196	Homeodomain	196			
ZHX1	ENSG00000165156	Homeodomain	196	Homeodomain	196			
ZHX2	ENSG00000178764	Homeodomain	196	Homeodomain	196			
ZHX3	ENSG00000174306	Homeodomain	196	Homeodomain	196			
POU1F1	ENSG00000064835	Homeodomain; POU	16	Homeodomain; POU	16			
POU2F1	ENSG00000143190	Homeodomain; POU	16	Homeodomain; POU	16			
POU2F2	ENSG00000028277	Homeodomain; POU	16	Homeodomain; POU	16			
POU2F3	ENSG00000137709	Homeodomain; POU	16	Homeodomain; POU	16			
POU3F1	ENSG00000185668	Homeodomain; POU	16	Homeodomain; POU	16			
POU3F2	ENSG00000184486	Homeodomain; POU	16	Homeodomain; POU	16			
POU3F3	ENSG00000198914	Homeodomain; POU	16	Homeodomain; POU	16			
POU3F4	ENSG00000196767	Homeodomain; POU	16	Homeodomain; POU	16			
POU4F1	ENSG00000152192	Homeodomain; POU	16	Homeodomain; POU	16			
POU4F2	ENSG00000151615	Homeodomain; POU	16	Homeodomain; POU	16			
POU4F3	ENSG00000091010	Homeodomain; POU	16	Homeodomain; POU	16			
POU5F1	ENSG00000204531	Homeodomain; POU	16	Homeodomain; POU	16			
POU5F1B	ENSG00000212993	Homeodomain; POU	16	Homeodomain; POU	16			
POU5F2	ENSG00000248483	Homeodomain; POU	16	Homeodomain; POU	16			
POU6F1	ENSG00000184271	Homeodomain; POU	16	Homeodomain; POU	16			
POU6F2	ENSG00000106536	Homeodomain; POU	16	Homeodomain; POU	16			
PAX2	ENSG00000075891	Homeodomain; Paired box	5	Homeodomain; Paired box	5			
PAX3	ENSG00000135903	Homeodomain; Paired box	5	Homeodomain; Paired box	5			
PAX4	ENSG00000106331	Homeodomain; Paired box	5	Homeodomain; Paired box	5			
PAX6	ENSG00000007372	Homeodomain; Paired box	5	Homeodomain; Paired box	5			
PAX7	ENSG00000009709	Homeodomain; Paired box	5	Homeodomain; Paired box	5			
IRF1	ENSG00000125347	IRF	9	IRF	9			
IRF2	ENSG00000168310	IRF	9	IRF	9			
IRF3	ENSG00000126456	IRF	9	IRF	9			
IRF4	ENSG00000137265	IRF	9	IRF	9			
IRF5	ENSG00000128604	IRF	9	IRF	9			
IRF6	ENSG00000117595	IRF	9	IRF	9			
IRF7	ENSG00000185507	IRF	9	IRF	9			
IRF8	ENSG00000140968	IRF	9	IRF	9			
IRF9	ENSG00000213928	IRF	9	IRF	9			
MSANTD1	ENSG00000188981	MADF	3	MADF	3			
MSANTD3	ENSG00000066697	MADF	3	MADF	3			
NAIF1	ENSG00000171169	MADF	3	MADF	3			
BORCS8-MEF2B	ENSG00000064489	MADS box	6	MADS box	6			
MEF2A	ENSG00000068305	MADS box	6	MADS box	6			
MEF2B	ENSG00000213999	MADS box	6	MADS box	6			
MEF2C	ENSG00000081189	MADS box	6	MADS box	6			
MEF2D	ENSG00000116604	MADS box	6	MADS box	6			
SRF	ENSG00000112658	MADS box	6	MADS box	6			
BAZ2B	ENSG00000123636	MBD	8	MBD	8			
MBD2	ENSG00000134046	MBD	8	MBD	8			
MBD3	ENSG00000071655	MBD	8	MBD	8			
MBD4	ENSG00000129071	MBD	8	MBD	8			
MBD6	ENSG00000166987	MBD	8	MBD	8			
PIN1	ENSG00000127445	MBD	8	MBD	8			
SETDB1	ENSG00000143379	MBD	8	MBD	8			
SETDB2	ENSG00000136169	MBD	8	MBD	8			
BAZ2A	ENSG00000076108	MBD; AT hook	2	MBD; AT hook	2			
MECP2	ENSG00000169057	MBD; AT hook	2	MBD; AT hook	2			
CDC5L	ENSG00000096401	Myb/SANT	14	Myb/SANT	14			
DMTF1	ENSG00000135164	Myb/SANT	14	Myb/SANT	14			
MSANTD4	ENSG00000170903	Myb/SANT	14	Myb/SANT	14			
MYB	ENSG00000118513	Myb/SANT	14	Myb/SANT	14			
MYBL1	ENSG00000185697	Myb/SANT	14	Myb/SANT	14			
MYBL2	ENSG00000101057	Myb/SANT	14	Myb/SANT	14			
MYPOP	ENSG00000176182	Myb/SANT	14	Myb/SANT	14			
MYSM1	ENSG00000162601	Myb/SANT	14	Myb/SANT	14			
SNAPC4	ENSG00000165684	Myb/SANT	14	Myb/SANT	14			
TERB1	ENSG00000249961	Myb/SANT	14	Myb/SANT	14			
TERF1	ENSG00000147601	Myb/SANT	14	Myb/SANT	14			
TERF2	ENSG00000132604	Myb/SANT	14	Myb/SANT	14			
TTF1	ENSG00000125482	Myb/SANT	14	Myb/SANT	14			
ZZZ3	ENSG00000036549	Myb/SANT	14	Myb/SANT	14			
NFX1	ENSG00000086102	NFX	2	NFX	2			
NFXL1	ENSG00000170448	NFX	2	NFX	2			
MYRF	ENSG00000124920	Ndt80/PhoG	2	Ndt80/PhoG	2			
MYRFL	ENSG00000166268	Ndt80/PhoG	2	Ndt80/PhoG	2			
AR	ENSG00000169083	Nuclear receptor	46	Nuclear receptor	46			
ESR1	ENSG00000091831	Nuclear receptor	46	Nuclear receptor	46			
ESR2	ENSG00000140009	Nuclear receptor	46	Nuclear receptor	46			
ESRRA	ENSG00000173153	Nuclear receptor	46	Nuclear receptor	46			
ESRRB	ENSG00000119715	Nuclear receptor	46	Nuclear receptor	46			
ESRRG	ENSG00000196482	Nuclear receptor	46	Nuclear receptor	46			
HNF4A	ENSG00000101076	Nuclear receptor	46	Nuclear receptor	46			
HNF4G	ENSG00000164749	Nuclear receptor	46	Nuclear receptor	46			
NR1D1	ENSG00000126368	Nuclear receptor	46	Nuclear receptor	46			
NR1D2	ENSG00000174738	Nuclear receptor	46	Nuclear receptor	46			
NR1H2	ENSG00000131408	Nuclear receptor	46	Nuclear receptor	46			
NR1H3	ENSG00000025434	Nuclear receptor	46	Nuclear receptor	46			
NR1H4	ENSG00000012504	Nuclear receptor	46	Nuclear receptor	46			
NR1I2	ENSG00000144852	Nuclear receptor	46	Nuclear receptor	46			
NR1I3	ENSG00000143257	Nuclear receptor	46	Nuclear receptor	46			
NR2C1	ENSG00000120798	Nuclear receptor	46	Nuclear receptor	46			
NR2C2	ENSG00000177463	Nuclear receptor	46	Nuclear receptor	46			
NR2E1	ENSG00000112333	Nuclear receptor	46	Nuclear receptor	46			
NR2E3	ENSG00000278570	Nuclear receptor	46	Nuclear receptor	46			
NR2F1	ENSG00000175745	Nuclear receptor	46	Nuclear receptor	46			
NR2F2	ENSG00000185551	Nuclear receptor	46	Nuclear receptor	46			
NR2F6	ENSG00000160113	Nuclear receptor	46	Nuclear receptor	46			
NR3C1	ENSG00000113580	Nuclear receptor	46	Nuclear receptor	46			
NR3C2	ENSG00000151623	Nuclear receptor	46	Nuclear receptor	46			
NR4A1	ENSG00000123358	Nuclear receptor	46	Nuclear receptor	46			
NR4A2	ENSG00000153234	Nuclear receptor	46	Nuclear receptor	46			
NR4A3	ENSG00000119508	Nuclear receptor	46	Nuclear receptor	46			
NR5A1	ENSG00000136931	Nuclear receptor	46	Nuclear receptor	46			
NR5A2	ENSG00000116833	Nuclear receptor	46	Nuclear receptor	46			
NR6A1	ENSG00000148200	Nuclear receptor	46	Nuclear receptor	46			
PGR	ENSG00000082175	Nuclear receptor	46	Nuclear receptor	46			
PPARA	ENSG00000186951	Nuclear receptor	46	Nuclear receptor	46			
PPARD	ENSG00000112033	Nuclear receptor	46	Nuclear receptor	46			
PPARG	ENSG00000132170	Nuclear receptor	46	Nuclear receptor	46			
RARA	ENSG00000131759	Nuclear receptor	46	Nuclear receptor	46			
RARB	ENSG00000077092	Nuclear receptor	46	Nuclear receptor	46			
RARG	ENSG00000172819	Nuclear receptor	46	Nuclear receptor	46			
RORA	ENSG00000069667	Nuclear receptor	46	Nuclear receptor	46			
RORB	ENSG00000198963	Nuclear receptor	46	Nuclear receptor	46			
RORC	ENSG00000143365	Nuclear receptor	46	Nuclear receptor	46			
RXRA	ENSG00000186350	Nuclear receptor	46	Nuclear receptor	46			
RXRB	ENSG00000204231	Nuclear receptor	46	Nuclear receptor	46			
RXRG	ENSG00000143171	Nuclear receptor	46	Nuclear receptor	46			
THRA	ENSG00000126351	Nuclear receptor	46	Nuclear receptor	46			
THRB	ENSG00000151090	Nuclear receptor	46	Nuclear receptor	46			
VDR	ENSG00000111424	Nuclear receptor	46	Nuclear receptor	46			
PAX1	ENSG00000125813	Paired box	4	Paired box	4			
PAX5	ENSG00000196092	Paired box	4	Paired box	4			
PAX8	ENSG00000125618	Paired box	4	Paired box	4			
PAX9	ENSG00000198807	Paired box	4	Paired box	4			
LCOR	ENSG00000196233	Pipsqueak	2	Pipsqueak	2			
LCORL	ENSG00000178177	Pipsqueak	2	Pipsqueak	2			
PROX1	ENSG00000117707	Prospero	2	Prospero	2			
PROX2	ENSG00000119608	Prospero	2	Prospero	2			
RFX1	ENSG00000132005	RFX	8	RFX	8			
RFX2	ENSG00000087903	RFX	8	RFX	8			
RFX3	ENSG00000080298	RFX	8	RFX	8			
RFX4	ENSG00000111783	RFX	8	RFX	8			
RFX5	ENSG00000143390	RFX	8	RFX	8			
RFX6	ENSG00000185002	RFX	8	RFX	8			
RFX7	ENSG00000181827	RFX	8	RFX	8			
RFX8	ENSG00000196460	RFX	8	RFX	8			
NFAT5	ENSG00000102908	Rel	10	Rel	10			
NFATC1	ENSG00000131196	Rel	10	Rel	10			
NFATC2	ENSG00000101096	Rel	10	Rel	10			
NFATC3	ENSG00000072736	Rel	10	Rel	10			
NFATC4	ENSG00000100968	Rel	10	Rel	10			
NFKB1	ENSG00000109320	Rel	10	Rel	10			
NFKB2	ENSG00000077150	Rel	10	Rel	10			
REL	ENSG00000162924	Rel	10	Rel	10			
RELA	ENSG00000173039	Rel	10	Rel	10			
RELB	ENSG00000104856	Rel	10	Rel	10			
RUNX1	ENSG00000159216	Runt	3	Runt	3			
RUNX2	ENSG00000124813	Runt	3	Runt	3			
RUNX3	ENSG00000020633	Runt	3	Runt	3			
AIRE	ENSG00000160224	SAND	9	SAND	9			
DEAF1	ENSG00000177030	SAND	9	SAND	9			
GMEB1	ENSG00000162419	SAND	9	SAND	9			
GMEB2	ENSG00000101216	SAND	9	SAND	9			
SKOR2	ENSG00000215474	SAND	9	SAND	9			
SP100	ENSG00000067066	SAND	9	SAND	9			
SP110	ENSG00000135899	SAND	9	SAND	9			
SP140	ENSG00000079263	SAND	9	SAND	9			
SP140L	ENSG00000185404	SAND	9	SAND	9			
NFIA	ENSG00000162599	SMAD	9	SMAD	9			
NFIB	ENSG00000147862	SMAD	9	SMAD	9			
NFIC	ENSG00000141905	SMAD	9	SMAD	9			
NFIX	ENSG00000008441	SMAD	9	SMAD	9			
SMAD1	ENSG00000170365	SMAD	9	SMAD	9			
SMAD3	ENSG00000166949	SMAD	9	SMAD	9			
SMAD4	ENSG00000141646	SMAD	9	SMAD	9			
SMAD5	ENSG00000113658	SMAD	9	SMAD	9			
SMAD9	ENSG00000120693	SMAD	9	SMAD	9			
STAT1	ENSG00000115415	STAT	7	STAT	7			
STAT2	ENSG00000170581	STAT	7	STAT	7			
STAT3	ENSG00000168610	STAT	7	STAT	7			
STAT4	ENSG00000138378	STAT	7	STAT	7			
STAT5A	ENSG00000126561	STAT	7	STAT	7			
STAT5B	ENSG00000173757	STAT	7	STAT	7			
STAT6	ENSG00000166888	STAT	7	STAT	7			
EOMES	ENSG00000163508	T-box	17	T-box	17			
MGA	ENSG00000174197	T-box	17	T-box	17			
T	ENSG00000164458	T-box	17	T-box	17			
TBR1	ENSG00000136535	T-box	17	T-box	17			
TBX1	ENSG00000184058	T-box	17	T-box	17			
TBX10	ENSG00000167800	T-box	17	T-box	17			
TBX15	ENSG00000092607	T-box	17	T-box	17			
TBX18	ENSG00000112837	T-box	17	T-box	17			
TBX19	ENSG00000143178	T-box	17	T-box	17			
TBX2	ENSG00000121068	T-box	17	T-box	17			
TBX20	ENSG00000164532	T-box	17	T-box	17			
TBX21	ENSG00000073861	T-box	17	T-box	17			
TBX22	ENSG00000122145	T-box	17	T-box	17			
TBX3	ENSG00000135111	T-box	17	T-box	17			
TBX4	ENSG00000121075	T-box	17	T-box	17			
TBX5	ENSG00000089225	T-box	17	T-box	17			
TBX6	ENSG00000149922	T-box	17	T-box	17			
TBP	ENSG00000112592	TBP	3	TBP	3			
TBPL1	ENSG00000028839	TBP	3	TBP	3			
TBPL2	ENSG00000182521	TBP	3	TBP	3			
TEAD1	ENSG00000187079	TEA	4	TEA	4			
TEAD2	ENSG00000074219	TEA	4	TEA	4			
TEAD3	ENSG00000007866	TEA	4	TEA	4			
TEAD4	ENSG00000197905	TEA	4	TEA	4			
THAP1	ENSG00000131931	THAP finger	12	THAP finger	12			
THAP10	ENSG00000129028	THAP finger	12	THAP finger	12			
THAP11	ENSG00000168286	THAP finger	12	THAP finger	12			
THAP12	ENSG00000137492	THAP finger	12	THAP finger	12			
THAP2	ENSG00000173451	THAP finger	12	THAP finger	12			
THAP3	ENSG00000041988	THAP finger	12	THAP finger	12			
THAP4	ENSG00000176946	THAP finger	12	THAP finger	12			
THAP5	ENSG00000177683	THAP finger	12	THAP finger	12			
THAP6	ENSG00000174796	THAP finger	12	THAP finger	12			
THAP7	ENSG00000184436	THAP finger	12	THAP finger	12			
THAP8	ENSG00000161277	THAP finger	12	THAP finger	12			
THAP9	ENSG00000168152	THAP finger	12	THAP finger	12			
AHR	ENSG00000106546	bHLH	108	bHLH	108			
AHRR	ENSG00000063438	bHLH	108	bHLH	108			
ARNT	ENSG00000143437	bHLH	108	bHLH	108			
ARNT2	ENSG00000172379	bHLH	108	bHLH	108			
ARNTL	ENSG00000133794	bHLH	108	bHLH	108			
ARNTL2	ENSG00000029153	bHLH	108	bHLH	108			
ASCL1	ENSG00000139352	bHLH	108	bHLH	108			
ASCL2	ENSG00000183734	bHLH	108	bHLH	108			
ASCL3	ENSG00000176009	bHLH	108	bHLH	108			
ASCL4	ENSG00000187855	bHLH	108	bHLH	108			
ASCL5	ENSG00000232237	bHLH	108	bHLH	108			
ATOH1	ENSG00000172238	bHLH	108	bHLH	108			
ATOH7	ENSG00000179774	bHLH	108	bHLH	108			
ATOH8	ENSG00000168874	bHLH	108	bHLH	108			
BHLHA15	ENSG00000180535	bHLH	108	bHLH	108			
BHLHA9	ENSG00000205899	bHLH	108	bHLH	108			
BHLHE22	ENSG00000180828	bHLH	108	bHLH	108			
BHLHE23	ENSG00000125533	bHLH	108	bHLH	108			
BHLHE40	ENSG00000134107	bHLH	108	bHLH	108			
BHLHE41	ENSG00000123095	bHLH	108	bHLH	108			
CCDC169-SOHLH2	ENSG00000250709	bHLH	108	bHLH	108			
CLOCK	ENSG00000134852	bHLH	108	bHLH	108			
EPAS1	ENSG00000116016	bHLH	108	bHLH	108			
FERD3L	ENSG00000146618	bHLH	108	bHLH	108			
FIGLA	ENSG00000183733	bHLH	108	bHLH	108			
HAND1	ENSG00000113196	bHLH	108	bHLH	108			
HAND2	ENSG00000164107	bHLH	108	bHLH	108			
HELT	ENSG00000187821	bHLH	108	bHLH	108			
HES1	ENSG00000114315	bHLH	108	bHLH	108			
HES2	ENSG00000069812	bHLH	108	bHLH	108			
HES3	ENSG00000173673	bHLH	108	bHLH	108			
HES4	ENSG00000188290	bHLH	108	bHLH	108			
HES5	ENSG00000197921	bHLH	108	bHLH	108			
HES6	ENSG00000144485	bHLH	108	bHLH	108			
HES7	ENSG00000179111	bHLH	108	bHLH	108			
HEY1	ENSG00000164683	bHLH	108	bHLH	108			
HEY2	ENSG00000135547	bHLH	108	bHLH	108			
HEYL	ENSG00000163909	bHLH	108	bHLH	108			
HIF1A	ENSG00000100644	bHLH	108	bHLH	108			
HIF3A	ENSG00000124440	bHLH	108	bHLH	108			
LYL1	ENSG00000104903	bHLH	108	bHLH	108			
MAX	ENSG00000125952	bHLH	108	bHLH	108			
MESP1	ENSG00000166823	bHLH	108	bHLH	108			
MESP2	ENSG00000188095	bHLH	108	bHLH	108			
MITF	ENSG00000187098	bHLH	108	bHLH	108			
MLX	ENSG00000108788	bHLH	108	bHLH	108			
MLXIP	ENSG00000175727	bHLH	108	bHLH	108			
MLXIPL	ENSG00000009950	bHLH	108	bHLH	108			
MNT	ENSG00000070444	bHLH	108	bHLH	108			
MSC	ENSG00000178860	bHLH	108	bHLH	108			
MSGN1	ENSG00000151379	bHLH	108	bHLH	108			
MXD1	ENSG00000059728	bHLH	108	bHLH	108			
MXD3	ENSG00000213347	bHLH	108	bHLH	108			
MXD4	ENSG00000123933	bHLH	108	bHLH	108			
MXI1	ENSG00000119950	bHLH	108	bHLH	108			
MYC	ENSG00000136997	bHLH	108	bHLH	108			
MYCL	ENSG00000116990	bHLH	108	bHLH	108			
MYCN	ENSG00000134323	bHLH	108	bHLH	108			
MYF5	ENSG00000111049	bHLH	108	bHLH	108			
MYF6	ENSG00000111046	bHLH	108	bHLH	108			
MYOD1	ENSG00000129152	bHLH	108	bHLH	108			
MYOG	ENSG00000122180	bHLH	108	bHLH	108			
NCOA1	ENSG00000084676	bHLH	108	bHLH	108			
NCOA2	ENSG00000140396	bHLH	108	bHLH	108			
NCOA3	ENSG00000124151	bHLH	108	bHLH	108			
NEUROD1	ENSG00000162992	bHLH	108	bHLH	108			
NEUROD2	ENSG00000171532	bHLH	108	bHLH	108			
NEUROD4	ENSG00000123307	bHLH	108	bHLH	108			
NEUROD6	ENSG00000164600	bHLH	108	bHLH	108			
NEUROG1	ENSG00000181965	bHLH	108	bHLH	108			
NEUROG2	ENSG00000178403	bHLH	108	bHLH	108			
NEUROG3	ENSG00000122859	bHLH	108	bHLH	108			
NHLH1	ENSG00000171786	bHLH	108	bHLH	108			
NHLH2	ENSG00000177551	bHLH	108	bHLH	108			
NPAS1	ENSG00000130751	bHLH	108	bHLH	108			
NPAS2	ENSG00000170485	bHLH	108	bHLH	108			
NPAS3	ENSG00000151322	bHLH	108	bHLH	108			
NPAS4	ENSG00000174576	bHLH	108	bHLH	108			
OLIG1	ENSG00000184221	bHLH	108	bHLH	108			
OLIG2	ENSG00000205927	bHLH	108	bHLH	108			
OLIG3	ENSG00000177468	bHLH	108	bHLH	108			
PTF1A	ENSG00000168267	bHLH	108	bHLH	108			
SCX	ENSG00000260428	bHLH	108	bHLH	108			
SIM1	ENSG00000112246	bHLH	108	bHLH	108			
SIM2	ENSG00000159263	bHLH	108	bHLH	108			
SOHLH1	ENSG00000165643	bHLH	108	bHLH	108			
SOHLH2	ENSG00000120669	bHLH	108	bHLH	108			
SREBF1	ENSG00000072310	bHLH	108	bHLH	108			
SREBF2	ENSG00000198911	bHLH	108	bHLH	108			
TAL1	ENSG00000162367	bHLH	108	bHLH	108			
TAL2	ENSG00000186051	bHLH	108	bHLH	108			
TCF12	ENSG00000140262	bHLH	108	bHLH	108			
TCF15	ENSG00000125878	bHLH	108	bHLH	108			
TCF21	ENSG00000118526	bHLH	108	bHLH	108			
TCF23	ENSG00000163792	bHLH	108	bHLH	108			
TCF24	ENSG00000261787	bHLH	108	bHLH	108			
TCF3	ENSG00000071564	bHLH	108	bHLH	108			
TCF4	ENSG00000196628	bHLH	108	bHLH	108			
TCFL5	ENSG00000101190	bHLH	108	bHLH	108			
TFAP4	ENSG00000090447	bHLH	108	bHLH	108			
TFE3	ENSG00000068323	bHLH	108	bHLH	108			
TFEB	ENSG00000112561	bHLH	108	bHLH	108			
TFEC	ENSG00000105967	bHLH	108	bHLH	108			
TWIST1	ENSG00000122691	bHLH	108	bHLH	108			
TWIST2	ENSG00000233608	bHLH	108	bHLH	108			
USF1	ENSG00000158773	bHLH	108	bHLH	108			
USF2	ENSG00000105698	bHLH	108	bHLH	108			
USF3	ENSG00000176542	bHLH	108	bHLH	108			
AC023509.3	ENSG00000267281	bZIP	54	bZIP	54			
ATF1	ENSG00000123268	bZIP	54	bZIP	54			
ATF2	ENSG00000115966	bZIP	54	bZIP	54			
ATF3	ENSG00000162772	bZIP	54	bZIP	54			
ATF4	ENSG00000128272	bZIP	54	bZIP	54			
ATF5	ENSG00000169136	bZIP	54	bZIP	54			
ATF6	ENSG00000118217	bZIP	54	bZIP	54			
ATF6B	ENSG00000213676	bZIP	54	bZIP	54			
ATF7	ENSG00000170653	bZIP	54	bZIP	54			
BACH1	ENSG00000156273	bZIP	54	bZIP	54			
BACH2	ENSG00000112182	bZIP	54	bZIP	54			
BATF	ENSG00000156127	bZIP	54	bZIP	54			
BATF2	ENSG00000168062	bZIP	54	bZIP	54			
BATF3	ENSG00000123685	bZIP	54	bZIP	54			
CEBPA	ENSG00000245848	bZIP	54	bZIP	54			
CEBPB	ENSG00000172216	bZIP	54	bZIP	54			
CEBPD	ENSG00000221869	bZIP	54	bZIP	54			
CEBPE	ENSG00000092067	bZIP	54	bZIP	54			
CEBPG	ENSG00000153879	bZIP	54	bZIP	54			
CREB1	ENSG00000118260	bZIP	54	bZIP	54			
CREB3	ENSG00000107175	bZIP	54	bZIP	54			
CREB3L1	ENSG00000157613	bZIP	54	bZIP	54			
CREB3L2	ENSG00000182158	bZIP	54	bZIP	54			
CREB3L3	ENSG00000060566	bZIP	54	bZIP	54			
CREB3L4	ENSG00000143578	bZIP	54	bZIP	54			
CREB5	ENSG00000146592	bZIP	54	bZIP	54			
CREBL2	ENSG00000111269	bZIP	54	bZIP	54			
CREBZF	ENSG00000137504	bZIP	54	bZIP	54			
CREM	ENSG00000095794	bZIP	54	bZIP	54			
DBP	ENSG00000105516	bZIP	54	bZIP	54			
DDIT3	ENSG00000175197	bZIP	54	bZIP	54			
FOS	ENSG00000170345	bZIP	54	bZIP	54			
FOSB	ENSG00000125740	bZIP	54	bZIP	54			
FOSL1	ENSG00000175592	bZIP	54	bZIP	54			
FOSL2	ENSG00000075426	bZIP	54	bZIP	54			
HLF	ENSG00000108924	bZIP	54	bZIP	54			
JDP2	ENSG00000140044	bZIP	54	bZIP	54			
JUN	ENSG00000177606	bZIP	54	bZIP	54			
JUNB	ENSG00000171223	bZIP	54	bZIP	54			
JUND	ENSG00000130522	bZIP	54	bZIP	54			
MAF	ENSG00000178573	bZIP	54	bZIP	54			
MAFA	ENSG00000182759	bZIP	54	bZIP	54			
MAFB	ENSG00000204103	bZIP	54	bZIP	54			
MAFF	ENSG00000185022	bZIP	54	bZIP	54			
MAFG	ENSG00000197063	bZIP	54	bZIP	54			
MAFK	ENSG00000198517	bZIP	54	bZIP	54			
NFE2	ENSG00000123405	bZIP	54	bZIP	54			
NFE2L1	ENSG00000082641	bZIP	54	bZIP	54			
NFE2L2	ENSG00000116044	bZIP	54	bZIP	54			
NFE2L3	ENSG00000050344	bZIP	54	bZIP	54			
NFIL3	ENSG00000165030	bZIP	54	bZIP	54			
NRL	ENSG00000129535	bZIP	54	bZIP	54			
TEF	ENSG00000167074	bZIP	54	bZIP	54			
XBP1	ENSG00000100219	bZIP	54	bZIP	54			
MTERF1	ENSG00000127989	mTERF	4	mTERF	4			
MTERF2	ENSG00000120832	mTERF	4	mTERF	4			
MTERF3	ENSG00000156469	mTERF	4	mTERF	4			
MTERF4	ENSG00000122085	mTERF	4	mTERF	4			
TP53	ENSG00000141510	p53	3	p53	3			
TP63	ENSG00000073282	p53	3	p53	3			
TP73	ENSG00000078900	p53	3	p53	3			
